,,tc180s10g00007,hum1sNW_018397268.1g00007,hli2s16g01252,dz186s7g00509,opy300s28g00569,ga198s13g00133
,,tc180s10g00014,hum1sNW_018397268.1g00015,hli2s16g01235,dz186s7g00513,opy300s28g00565,ga198s13g00136
cpa1s8g00654,,tc180s10g00018,hum1sNW_018397268.1g00019,hli2s16g01233,dz186s7g00515,opy300s28g00562,ga198s13g00138
cpa1s8g00656,,tc180s10g00020,hum1sNW_018397268.1g00022,hli2s16g01231,,opy300s28g00561,ga198s13g00140
cpa1s8g00658,,tc180s10g00023,hum1sNW_018397268.1g00024,hli2s16g01225,,opy300s28g00559,ga198s13g00141
cpa1s8g00662,,tc180s10g00038,hum1sNW_018397268.1g00039,hli2s16g01220,dz186s7g00518,opy300s28g00558,ga198s13g00142
cpa1s8g00668,,tc180s10g00042,hum1sNW_018397268.1g00045,hli2s16g01216,dz186s7g00520,,ga198s13g00147
cpa1s8g00677,,tc180s10g00050,hum1sNW_018397268.1g00055,hli2s16g01205,,opy300s28g00551,ga198s13g00149
cpa1s2g01196,,tc180s10g00059,hum1sNW_018397268.1g00066,hli2s16g01203,dz186s7g00525,opy300s28g00545,
cpa1s2g01189,,tc180s10g00066,hum1sNW_018397268.1g00072,hli2s16g01199,,opy300s28g00549,ga198s13g00150
cpa1s2g01186,,tc180s10g00070,hum1sNW_018397268.1g00076,hli2s16g01197,dz186s7g00533,opy300s28g00542,ga198s13g00161
cpa1s2g01176,,tc180s10g00079,hum1sNW_018397268.1g00085,hli2s16g01190,dz186s7g00538,opy300s28g00539,ga198s13g00164
cpa1s2g01154,,tc180s10g00106,hum1sNW_018397268.1g00110,,dz186s7g00550,opy300s28g00535,ga198s13g00166
cpa1s2g01153,,tc180s10g00107,hum1sNW_018397268.1g00111,,dz186s7g00551,opy300s28g00534,ga198s13g00167
,,tc180s10g00115,hum1sNW_018397268.1g00115,hli2s16g01171,dz186s7g00554,opy300s28g00530,ga198s13g00170
cpa1s2g01145,,tc180s10g00116,hum1sNW_018397268.1g00116,hli2s16g01170,dz186s7g00555,opy300s28g00529,ga198s13g00171
cpa1s2g01139,,tc180s10g00123,hum1sNW_018397268.1g00122,hli2s16g01166,dz186s7g00559,opy300s28g00523,ga198s13g00172
cpa1s2g01135,,tc180s10g00128,hum1sNW_018397268.1g00130,hli2s16g01162,dz186s7g00561,opy300s28g00520,ga198s13g00174
cpa1s2g01132,,tc180s10g00130,hum1sNW_018397268.1g00132,hli2s16g01156,dz186s7g00563,opy300s28g00518,ga198s13g00175
cpa1s2g01127,,tc180s10g00133,hum1sNW_018397268.1g00135,hli2s16g01152,,opy300s28g00517,ga198s13g00176
cpa1s2g01126,,tc180s10g00134,hum1sNW_018397268.1g00136,,dz186s7g00566,opy300s28g00516,ga198s13g00177
cpa1s2g01119,,tc180s10g00143,hum1sNW_018397268.1g00147,hli2s16g01148,,opy300s28g00514,ga198s13g00180
cpa1s2g01116,,tc180s10g00158,hum1sNW_018397268.1g00152,hli2s16g01145,dz186s7g00568,opy300s28g00512,ga198s13g00181
cpa1s2g01113,,tc180s10g00161,hum1sNW_018397268.1g00155,hli2s16g01142,,opy300s28g00511,ga198s13g00183
,,tc180s10g00163,hum1sNW_018397268.1g00157,hli2s16g01141,dz186s7g00570,opy300s28g00510,ga198s13g00185
cpa1s2g01108,,tc180s10g00165,hum1sNW_018397268.1g00161,hli2s16g01140,dz186s7g00571,opy300s28g00508,
cpa1s2g01088,,tc180s10g00185,hum1sNW_018397268.1g00179,hli2s16g01128,,opy300s28g00507,ga198s13g00186
cpa1s2g01090,,tc180s10g00187,hum1sNW_018397268.1g00181,hli2s16g01127,,opy300s28g00506,ga198s13g00187
cpa1s2g01094,,tc180s10g00191,hum1sNW_018397268.1g00187,hli2s16g01124,dz186s7g00598,opy300s28g00503,ga198s13g00191
cpa1s2g01095,,tc180s10g00193,hum1sNW_018397268.1g00190,hli2s16g01118,dz186s7g00599,opy300s28g00502,ga198s13g00192
cpa1s2g01100,,tc180s10g00198,hum1sNW_018397268.1g00194,,dz186s7g00601,opy300s28g00501,ga198s13g00193
cpa1s2g01083,,tc180s10g00200,hum1sNW_018397268.1g00196,hli2s16g01111,dz186s7g00603,opy300s28g00500,ga198s13g00194
cpa1s2g01082,,tc180s10g00201,hum1sNW_018397268.1g00197,hli2s16g01110,dz186s7g00604,opy300s28g00499,
cpa1s2g01069,,tc180s10g00210,hum1sNW_018397268.1g00214,hli2s16g01103,,opy300s28g00497,ga198s13g00196
cpa1s2g01067,,tc180s10g00212,hum1sNW_018397268.1g00213,hli2s16g01102,dz186s7g00610,opy300s28g00495,ga198s13g00197
cpa1s2g01064,,tc180s10g00213,hum1sNW_018397268.1g00212,hli2s16g01100,dz186s7g00611,opy300s28g00494,ga198s13g00198
cpa1s2g01063,,tc180s10g00217,hum1sNW_018397268.1g00211,hli2s16g01099,,opy300s28g00493,ga198s13g00199
cpa1s2g01059,,tc180s10g00221,hum1sNW_018397268.1g00209,hli2s16g01096,dz186s7g00614,opy300s28g00491,ga198s13g00201
cpa1s2g01049,cca301s3g00006,tc180s10g00233,hum1sNW_018397268.1g00217,hli2s16g01088,dz186s7g00618,,
cpa1s2g01045,cca301s3g00007,tc180s10g00234,hum1sNW_018397268.1g00218,hli2s16g01087,,opy300s28g00488,ga198s13g00204
cpa1s2g01044,cca301s3g00008,tc180s10g00235,hum1sNW_018397268.1g00219,hli2s16g01085,dz186s7g00619,,
cpa1s2g01041,cca301s3g00013,tc180s10g00239,hum1sNW_018397268.1g00223,hli2s16g01083,dz186s7g00622,,
cpa1s2g01036,cca301s3g00019,tc180s10g00242,hum1sNW_018397268.1g00224,hli2s16g01081,dz186s7g00647,,
cpa1s2g01032,cca301s3g00020,tc180s10g00245,hum1sNW_018397268.1g00228,hli2s16g01078,dz186s7g00652,,
cpa1s2g01027,cca301s3g00028,tc180s10g00250,hum1sNW_018397268.1g00235,hli2s16g01071,,opy300s28g00486,
cpa1s2g01021,cca301s3g00034,tc180s10g00258,hum1sNW_018397268.1g00246,hli2s16g01064,dz186s7g00659,,
cpa1s2g01020,cca301s3g00035,tc180s10g00259,hum1sNW_018397268.1g00247,hli2s16g01063,dz186s7g00661,,
,cca301s3g00037,tc180s10g00261,hum1sNW_018397268.1g00249,hli2s16g01061,,opy300s28g00485,ga198s13g00206
cpa1s2g01018,,tc180s10g00263,hum1sNW_018397268.1g00251,hli2s16g01059,dz186s7g00664,opy300s28g00484,
cpa1s2g01017,cca301s3g00043,tc180s10g00264,hum1sNW_018397268.1g00252,hli2s16g01058,dz186s7g00665,,
cpa1s2g00974,cca301s3g00085,tc180s10g00266,hum1sNW_018397268.1g00254,hli2s16g01025,,opy300s28g00468,
cpa1s2g00975,cca301s3g00083,tc180s10g00267,hum1sNW_018397268.1g00255,hli2s16g01026,,opy300s28g00469,ga198s13g00213
cpa1s2g00983,cca301s3g00078,tc180s10g00273,hum1sNW_018397268.1g00262,hli2s16g01036,dz186s7g00680,,
cpa1s2g00985,cca301s3g00077,tc180s10g00275,hum1sNW_018397268.1g00264,,,opy300s28g00473,ga198s13g00217
cpa1s2g00988,cca301s3g00070,tc180s10g00278,hum1sNW_018397268.1g00267,hli2s16g01040,dz186s7g00679,,
cpa1s2g00989,cca301s3g00067,tc180s10g00279,hum1sNW_018397268.1g00268,hli2s16g01041,dz186s7g00678,opy300s28g00474,
cpa1s2g00990,cca301s3g00060,tc180s10g00280,hum1sNW_018397268.1g00272,hli2s16g01043,dz186s7g00676,opy300s28g00475,
cpa1s2g00991,cca301s3g00059,tc180s10g00281,hum1sNW_018397268.1g00273,hli2s16g01044,,opy300s28g00476,ga198s13g00218
cpa1s2g00992,cca301s3g00058,tc180s10g00282,hum1sNW_018397268.1g00274,hli2s16g01045,dz186s7g00675,,
cpa1s2g00993,cca301s3g00057,tc180s10g00283,hum1sNW_018397268.1g00275,hli2s16g01046,dz186s7g00674,opy300s28g00477,
cpa1s2g00994,cca301s3g00056,tc180s10g00284,hum1sNW_018397268.1g00276,hli2s16g01047,dz186s7g00673,opy300s28g00478,
cpa1s2g00996,cca301s3g00055,tc180s10g00285,hum1sNW_018397268.1g00277,,dz186s7g00672,opy300s28g00479,
cpa1s2g01004,cca301s3g00053,tc180s10g00288,hum1sNW_018397268.1g00280,,dz186s7g00670,opy300s28g00480,ga198s13g00219
cpa1s2g01009,cca301s3g00051,tc180s10g00290,hum1sNW_018397268.1g00282,hli2s16g01054,dz186s7g00669,opy300s28g00481,ga198s13g00220
cpa1s2g01011,cca301s3g00049,tc180s10g00292,hum1sNW_018397268.1g00284,hli2s16g01055,dz186s7g00667,,
cpa1s2g01012,cca301s3g00047,tc180s10g00293,hum1sNW_018397268.1g00285,hli2s16g01056,dz186s7g00666,opy300s28g00482,
cpa1s2g00968,cca301s3g00095,tc180s10g00300,hum1sNW_018397268.1g00293,hli2s16g01018,,opy300s28g00467,
cpa1s2g00963,cca301s3g00101,tc180s10g00307,hum1sNW_018397268.1g00300,hli2s16g01013,dz186s7g00684,,
cpa1s2g00959,cca301s3g00104,tc180s10g00310,hum1sNW_018397268.1g00304,,dz186s7g00685,opy300s28g00464,ga198s13g00222
cpa1s2g00956,cca301s3g00107,tc180s10g00313,hum1sNW_018397268.1g00307,hli2s16g01010,,opy300s28g00463,ga198s13g00223
cpa1s2g00955,cca301s3g00111,tc180s10g00315,hum1sNW_018397268.1g00309,,dz186s7g00687,opy300s28g00461,
cpa1s2g00949,cca301s3g00124,tc180s10g00320,hum1sNW_018397268.1g00312,hli2s16g01003,dz186s7g00694,opy300s28g00459,ga198s13g00224
cpa1s2g00947,cca301s3g00130,tc180s10g00322,hum1sNW_018397268.1g00314,hli2s16g00999,dz186s7g00695,,
cpa1s2g00946,cca301s3g00131,tc180s10g00323,hum1sNW_018397268.1g00315,,dz186s7g00696,opy300s28g00458,
cpa1s2g00945,,tc180s10g00324,hum1sNW_018397268.1g00316,,dz186s7g00697,opy300s28g00457,ga198s13g00225
cpa1s2g00940,cca301s3g00141,tc180s10g00334,hum1sNW_018397268.1g00321,hli2s16g00995,dz186s7g00702,,
cpa1s2g00932,,tc180s10g00339,hum1sNW_018397268.1g00327,hli2s16g00992,,opy300s28g00455,ga198s13g00227
cpa1s2g00929,cca301s3g00151,tc180s10g00344,hum1sNW_018397268.1g00333,hli2s16g00989,dz186s7g00708,,
,cca301s3g00154,tc180s10g00347,hum1sNW_018397268.1g00334,hli2s16g00984,,opy300s28g00453,ga198s13g00229
,cca301s3g00155,tc180s10g00348,hum1sNW_018397268.1g00335,hli2s16g00983,dz186s7g00711,opy300s28g00452,ga198s13g00230
cpa1s2g00914,cca301s3g00158,tc180s10g00356,hum1sNW_018397268.1g00340,hli2s16g00980,,opy300s28g00451,ga198s13g00232
cpa1s2g00912,cca301s3g00159,tc180s10g00357,hum1sNW_018397268.1g00341,,dz186s7g00715,opy300s28g00450,ga198s13g00233
cpa1s2g00904,cca301s3g00169,tc180s10g00376,hum1sNW_018397268.1g00361,hli2s16g00966,dz186s7g00721,opy300s28g00444,
cpa1s2g00882,cca301s3g00204,tc180s10g00416,hum1sNW_018397268.1g00383,hli2s16g00955,dz186s7g00746,,
cpa1s2g00880,cca301s3g00207,tc180s10g00420,hum1sNW_018397268.1g00390,,dz186s7g00747,opy300s28g00440,
cpa1s2g00879,cca301s3g00208,tc180s10g00421,hum1sNW_018397268.1g00392,,dz186s7g00748,opy300s28g00439,
cpa1s2g00873,cca301s3g00209,tc180s10g00427,hum1sNW_018397268.1g00395,hli2s16g00952,,opy300s28g00438,
cpa1s2g00870,cca301s3g00211,tc180s10g00432,hum1sNW_018397268.1g00401,hli2s16g00949,dz186s7g00740,,
cpa1s2g00864,cca301s3g00219,tc180s10g00437,hum1sNW_018397268.1g00406,hli2s16g00947,dz186s7g00737,opy300s28g00435,
cpa1s2g00858,cca301s3g00224,tc180s10g00440,hum1sNW_018397268.1g00409,hli2s16g00945,,opy300s28g00434,ga198s13g00234
cpa1s2g00857,cca301s3g00234,tc180s10g00447,hum1sNW_018397268.1g00415,hli2s16g00935,,opy300s28g00433,ga198s13g00236
cpa1s2g00856,cca301s3g00235,tc180s10g00448,hum1sNW_018397268.1g00416,hli2s16g00934,,opy300s28g00432,
cpa1s2g00853,cca301s3g00237,tc180s10g00453,hum1sNW_018397268.1g00422,hli2s16g00933,dz186s7g00760,opy300s28g00430,
cpa1s2g00852,,tc180s10g00454,hum1sNW_018397268.1g00423,hli2s16g00932,dz186s7g00761,opy300s28g00429,
,,tc180s10g00457,hum1sNW_018397268.1g00426,hli2s16g00931,dz186s7g00762,opy300s28g00428,ga198s13g00239
cpa1s2g00850,cca301s3g00241,tc180s10g00458,hum1sNW_018397268.1g00427,hli2s16g00930,dz186s7g00763,,
cpa1s2g00845,cca301s3g00246,tc180s10g00461,hum1sNW_018397268.1g00432,hli2s16g00927,dz186s7g00764,,
cpa1s2g00844,cca301s3g00247,tc180s10g00462,hum1sNW_018397268.1g00434,hli2s16g00926,,opy300s28g00427,ga198s13g00240
cpa1s2g00843,cca301s3g00249,tc180s10g00463,hum1sNW_018397268.1g00435,hli2s16g00925,dz186s7g00765,opy300s28g00426,ga198s13g00241
cpa1s2g00842,cca301s3g00250,tc180s10g00464,hum1sNW_018397268.1g00436,hli2s16g00922,dz186s7g00766,opy300s28g00425,ga198s13g00242
cpa1s2g00841,cca301s3g00252,tc180s10g00466,hum1sNW_018397268.1g00439,hli2s16g00921,dz186s7g00767,,
cpa1s2g00827,,tc180s10g00471,hum1sNW_018397268.1g00444,hli2s16g00912,dz186s7g00768,opy300s28g00424,ga198s13g00243
cpa1s2g00822,cca301s3g00312,tc180s10g00475,hum1sNW_018397268.1g00448,hli2s16g00903,dz186s7g00771,,
cpa1s2g00821,cca301s3g00311,tc180s10g00476,hum1sNW_018397268.1g00449,hli2s16g00902,,opy300s28g00422,
cpa1s2g00819,cca301s3g00310,tc180s10g00477,hum1sNW_018397268.1g00453,hli2s16g00901,dz186s7g00772,opy300s28g00421,ga198s13g00244
cpa1s2g00818,cca301s3g00307,tc180s10g00480,hum1sNW_018397268.1g00454,,,opy300s28g00420,ga198s13g00245
cpa1s2g00816,cca301s3g00303,tc180s10g00482,hum1sNW_018397268.1g00456,hli2s16g00900,dz186s7g00773,,
cpa1s2g00815,cca301s3g00302,tc180s10g00483,hum1sNW_018397268.1g00458,,dz186s7g00774,opy300s28g00418,
,cca301s3g00298,tc180s10g00484,hum1sNW_018397268.1g00459,hli2s16g00897,dz186s7g00775,opy300s28g00417,
cpa1s2g01600,,tc180s10g00485,hum1sNW_018397268.1g00460,,dz186s7g00776,opy300s28g00416,ga198s13g00246
,cca301s3g00293,tc180s10g00486,hum1sNW_018397268.1g00461,hli2s16g00896,dz186s7g00777,opy300s28g00415,ga198s13g00247
cpa1s2g01592,cca301s3g00283,tc180s10g00492,hum1sNW_018397268.1g00471,hli2s16g00894,dz186s7g00779,,
,cca301s3g00282,tc180s10g00493,hum1sNW_018397268.1g00472,hli2s16g00893,dz186s7g00780,opy300s28g00413,
,cca301s3g00281,tc180s10g00494,hum1sNW_018397268.1g00473,hli2s16g00892,dz186s7g00781,opy300s28g00412,
cpa1s2g01564,cca301s3g00319,tc180s10g00509,hum1sNW_018397268.1g00487,hli2s16g00884,dz186s7g00787,opy300s28g00409,ga198s13g00272
cpa1s2g01562,cca301s3g00321,tc180s10g00511,hum1sNW_018397268.1g00489,,dz186s7g00789,opy300s28g00408,ga198s13g00271
cpa1s2g01560,,tc180s10g00512,hum1sNW_018397268.1g00490,hli2s16g00885,dz186s7g00790,opy300s28g00407,ga198s13g00270
cpa1s2g01556,cca301s3g00323,tc180s10g00514,hum1sNW_018397268.1g00492,hli2s16g00887,dz186s7g00791,,
cpa1s2g01555,cca301s3g00324,tc180s10g00515,hum1sNW_018397268.1g00493,hli2s16g00888,dz186s7g00792,,
cpa1s2g01552,cca301s3g00327,tc180s10g00518,hum1sNW_018397268.1g00497,,dz186s7g00794,opy300s28g00406,ga198s13g00269
cpa1s2g01550,cca301s3g00328,tc180s10g00519,hum1sNW_018397268.1g00498,hli2s16g00889,dz186s7g00795,,
cpa1s2g01547,cca301s3g00329,tc180s10g00520,hum1sNW_018397268.1g00500,,,opy300s28g00404,ga198s13g00268
cpa1s2g01544,cca301s3g00334,tc180s10g00524,hum1sNW_018397268.1g00504,hli2s16g00879,,opy300s28g00403,
cpa1s2g01542,cca301s3g00335,tc180s10g00526,hum1sNW_018397268.1g00509,hli2s16g00877,dz186s7g00797,,
cpa1s2g01531,cca301s3g00362,tc180s10g00534,hum1sNW_018397268.1g00517,hli2s16g00872,dz186s7g00803,opy300s28g00400,
cpa1s2g01530,cca301s3g00363,tc180s10g00535,hum1sNW_018397268.1g00518,hli2s16g00869,,opy300s28g00399,
cpa1s2g01529,cca301s3g00364,tc180s10g00536,hum1sNW_018397268.1g00519,hli2s16g00868,,opy300s28g00398,ga198s13g00250
cpa1s2g01527,cca301s3g00375,tc180s10g00538,hum1sNW_018397268.1g00523,hli2s16g00862,dz186s7g00806,,
cpa1s2g01525,cca301s3g00383,tc180s10g00541,hum1sNW_018397268.1g00526,hli2s16g00861,dz186s7g00808,,
cpa1s2g01524,cca301s3g00385,tc180s10g00542,hum1sNW_018397268.1g00527,hli2s16g00860,dz186s7g00818,,
cpa1s2g01522,cca301s3g00388,tc180s10g00543,hum1sNW_018397268.1g00528,hli2s16g00859,dz186s7g00819,,
cpa1s2g01521,cca301s3g00389,tc180s10g00544,hum1sNW_018397268.1g00529,hli2s16g00858,dz186s7g00820,,
cpa1s2g01520,cca301s3g00392,tc180s10g00545,hum1sNW_018397268.1g00530,hli2s16g00857,,opy300s28g00396,
cpa1s2g01519,cca301s3g00395,tc180s10g00548,hum1sNW_018397268.1g00533,hli2s16g00856,,opy300s28g00395,ga198s13g00249
cpa1s2g01516,cca301s3g00396,tc180s10g00549,hum1sNW_018397268.1g00534,hli2s16g00855,dz186s7g00821,,
cpa1s2g01514,cca301s3g00405,tc180s10g00552,hum1sNW_018397268.1g00536,hli2s16g00853,dz186s7g00822,,
cpa1s2g01510,,tc180s10g00555,hum1sNW_018397268.1g00538,hli2s16g00850,dz186s7g00824,opy300s28g00394,
cpa1s2g01506,cca301s3g00409,tc180s10g00567,hum1sNW_018397268.1g00543,hli2s16g00835,dz186s7g00829,,
cpa1s2g01501,cca301s3g00417,tc180s10g00569,hum1sNW_018397268.1g00546,hli2s16g00837,dz186s7g00830,,
cpa1s2g01499,cca301s3g00419,tc180s10g00574,hum1sNW_018397268.1g00550,hli2s16g00839,dz186s7g00831,,
cpa1s2g01494,cca301s3g00420,tc180s10g00575,hum1sNW_018397268.1g00551,hli2s16g00840,,opy300s28g00392,
cpa1s2g01474,cca301s3g00437,tc180s10g00585,hum1sNW_018397268.1g00562,hli2s16g00830,dz186s7g00839,,
cpa1s2g01465,cca301s3g00462,tc180s10g00601,hum1sNW_018397268.1g00584,,dz186s7g00845,opy300s28g00391,
cpa1s2g01458,cca301s3g00480,tc180s10g00614,hum1sNW_018397268.1g00609,hli2s16g00818,dz186s7g00855,,
cpa1s2g01456,cca301s3g00481,tc180s10g00615,hum1sNW_018397268.1g00610,hli2s16g00817,,opy300s28g00389,
cpa1s2g01450,cca301s3g00504,tc180s10g00620,hum1sNW_018397268.1g00619,hli2s16g00814,dz186s7g00856,,
cpa1s2g01448,cca301s3g00509,tc180s10g00623,hum1sNW_018397268.1g00624,hli2s16g00811,dz186s7g00857,,
cpa1s2g01441,cca301s3g00514,tc180s10g00631,hum1sNW_018397268.1g00629,hli2s16g00805,,opy300s28g00386,
cpa1s2g01439,cca301s3g00515,tc180s10g00635,hum1sNW_018397268.1g00633,hli2s16g00801,dz186s7g00864,,
cpa1s2g01432,cca301s3g00522,tc180s10g00641,hum1sNW_018397268.1g00640,hli2s16g00797,,opy300s28g00385,
cpa1s2g01427,cca301s3g00524,tc180s10g00645,hum1sNW_018397268.1g00644,hli2s16g00795,dz186s7g00871,opy300s28g00383,
cpa1s2g01426,cca301s3g00525,tc180s10g00647,hum1sNW_018397268.1g00645,hli2s16g00789,dz186s7g00872,,
cpa1s2g01422,cca301s3g00527,tc180s10g00651,hum1sNW_018397268.1g00649,hli2s16g00785,,opy300s28g00381,
cpa1s2g01421,cca301s3g00529,tc180s10g00653,hum1sNW_018397268.1g00650,hli2s16g00783,,opy300s28g00379,
cpa1s2g01419,cca301s3g00533,tc180s10g00659,hum1sNW_018397268.1g00656,hli2s16g00781,,opy300s28g00377,
cpa1s2g01413,cca301s3g00537,tc180s10g00669,hum1sNW_018397268.1g00663,hli2s16g00775,,opy300s28g00376,
cpa1s2g01403,cca301s3g00607,tc180s10g00686,hum1sNW_018397268.1g00687,hli2s16g00750,,opy300s28g00375,
cpa1s2g01402,cca301s3g00610,tc180s10g00688,hum1sNW_018397268.1g00688,,dz186s7g00926,opy300s28g00374,
cpa1s2g01297,cca301s3g00659,tc180s10g00711,hum1sNW_018397268.1g00707,hli2s16g00738,,opy300s28g00371,
cpa1s2g01321,cca301s3g00745,tc180s10g00731,hum1sNW_018397294.1g00007,hli2s16g01289,dz186s7g01124,opy300s28g00583,
cpa1s2g01314,cca301s3g00743,tc180s10g00740,hum1sNW_018397294.1g00012,hli2s16g01286,dz186s7g01123,opy300s28g00580,ga198s13g00116
cpa1s2g01391,cca301s3g00703,tc180s10g00759,hum1sNW_018397269.1g00414,hli2s16g01259,,opy300s28g00577,
cpa1s2g01388,cca301s3g00702,tc180s10g00762,hum1sNW_018397269.1g00412,,dz186s7g00942,opy300s28g00576,
cpa1s2g01386,cca301s3g00693,tc180s10g00765,hum1sNW_018397269.1g00410,hli2s16g01323,dz186s7g00941,,
,cca301s3g00746,tc180s10g00779,hum1sNW_018397269.1g00401,hli2s16g01294,,opy300s28g00585,ga198s13g00108
,,tc180s10g00791,hum1sNW_018397269.1g00387,hli2s16g01305,dz186s7g01115,opy300s28g00589,ga198s13g00102
cpa1s8g01065,cca301s6g00698,tc180s10g00810,hum1sNW_018397269.1g00364,hli2s16g01317,dz186s7g01105,,
cpa1s8g01072,cca301s6g00676,tc180s10g00821,hum1sNW_018397269.1g00351,hli2s19g01047,dz186s7g01097,opy300s28g00687,
cpa1s8g01063,cca301s6g00904,tc180s10g00872,hum1sNW_018397269.1g00297,hli2s19g01012,dz186s7g01081,,
cpa1s8g01062,cca301s6g00908,tc180s10g00873,hum1sNW_018397269.1g00296,hli2s19g01010,dz186s7g01080,,
cpa1s8g01048,cca301s6g00915,tc180s10g00877,hum1sNW_018397269.1g00291,hli2s19g01005,dz186s7g01078,opy300s28g00691,
cpa1s8g01040,cca301s6g00932,tc180s10g00896,hum1sNW_018397269.1g00280,hli2s19g01002,dz186s7g01068,opy300s28g00693,
cpa1s8g01039,,tc180s10g00900,hum1sNW_018397269.1g00277,hli2s19g00999,dz186s7g01067,opy300s28g00696,
cpa1s8g01037,cca301s6g00934,tc180s10g00901,hum1sNW_018397269.1g00276,,dz186s7g01066,opy300s28g00698,
cpa1s8g00781,cca301s6g00958,tc180s10g00911,hum1sNW_018397269.1g00266,hli2s19g00994,dz186s7g01063,opy300s28g00701,
cpa1s8g00780,cca301s6g00959,tc180s10g00912,hum1sNW_018397269.1g00265,hli2s19g00993,dz186s7g01060,,
,cca301s6g00994,tc180s10g00936,hum1sNW_018397284.1g00011,hli2s19g00984,dz186s7g01053,opy300s28g00705,
cpa1s8g00734,cca301s6g01015,tc180s10g00969,hum1sNW_018397284.1g00024,hli2s19g00953,dz186s7g01043,opy300s28g00712,
cpa1s8g00731,cca301s6g01028,tc180s10g00986,hum1sNW_018397270.1g00133,hli2s19g00949,dz186s7g01026,opy300s28g00713,
cpa1s8g00724,,tc180s10g00987,hum1sNW_018397270.1g00134,hli2s19g00947,dz186s7g01025,opy300s28g00714,
cpa1s8g00732,cca301s6g01029,tc180s10g00988,hum1sNW_018397270.1g00135,hli2s19g00946,dz186s7g01024,opy300s28g00715,
,cca301s6g01071,tc180s10g01016,hum1sNW_018397270.1g00155,hli2s19g00932,dz186s7g01009,opy300s28g00718,
cpa1s8g00700,cca301s6g01083,tc180s10g01025,hum1sNW_018397270.1g00166,hli2s19g00923,dz186s7g01001,,
cpa1s8g00698,cca301s6g01107,tc180s10g01048,hum1sNW_018397270.1g00183,hli2s19g00909,dz186s7g00997,opy300s28g00727,
cpa1s8g00695,cca301s6g01123,tc180s10g01055,hum1sNW_018397270.1g00189,hli2s19g00902,dz186s7g00977,,
cpa1s8g00686,cca301s6g01124,tc180s10g01056,hum1sNW_018397270.1g00190,hli2s19g00899,dz186s7g00978,,
,cca301s6g01141,tc180s10g01092,hum1sNW_018397270.1g00212,hli2s19g00892,dz186s7g00982,opy300s28g00727,
cpa1s2g01203,cca301s6g01143,tc180s10g01095,hum1sNW_018397270.1g00214,hli2s19g00889,dz186s7g00984,,
cpa1s2g01204,cca301s6g01156,tc180s10g01107,hum1sNW_018397270.1g00219,hli2s19g00888,dz186s7g00987,,
cpa1s2g01206,cca301s6g01162,tc180s10g01112,hum1sNW_018397270.1g00224,hli2s19g00881,dz186s7g00990,,
cpa1s2g01207,cca301s6g01164,tc180s10g01114,hum1sNW_018397270.1g00226,hli2s19g00879,dz186s7g00976,opy300s28g00728,ga198s13g00045
cpa1s2g01208,cca301s6g01165,tc180s10g01115,hum1sNW_018397270.1g00227,hli2s19g00877,dz186s7g00975,opy300s28g00730,ga198s13g00046
cpa1s2g01211,,tc180s10g01118,hum1sNW_018397270.1g00230,hli2s19g00875,,opy300s28g00732,ga198s13g00048
cpa1s2g01247,cca301s6g01207,tc180s10g01143,hum1sNW_018397270.1g00248,hli2s19g00870,dz186s7g00970,,
cpa1s2g01245,cca301s6g01209,tc180s10g01145,hum1sNW_018397270.1g00250,hli2s19g00868,dz186s7g00969,,
cpa1s2g01244,cca301s6g01211,tc180s10g01147,hum1sNW_018397270.1g00251,hli2s19g00867,,opy300s28g00733,
cpa1s2g01243,cca301s6g01212,tc180s10g01148,hum1sNW_018397270.1g00253,,dz186s7g00968,opy300s28g00734,ga198s13g00060
cpa1s2g01241,cca301s6g01220,tc180s10g01157,hum1sNW_018397270.1g00256,hli2s19g00866,dz186s7g00963,opy300s28g00735,
cpa1s2g01240,cca301s6g01221,tc180s10g01158,hum1sNW_018397270.1g00257,,,opy300s28g00736,ga198s13g00061
cpa1s2g01237,cca301s6g01227,tc180s10g01163,hum1sNW_018397270.1g00261,hli2s19g00863,dz186s7g00961,,
cpa1s2g01236,cca301s6g01229,tc180s10g01165,hum1sNW_018397270.1g00264,hli2s19g00862,dz186s7g00960,opy300s28g00737,ga198s13g00062
cpa1s2g01235,cca301s6g01231,tc180s10g01168,hum1sNW_018397270.1g00268,hli2s19g00855,,opy300s28g00738,ga198s13g00064
cpa1s2g01232,cca301s6g01234,tc180s10g01172,hum1sNW_018397270.1g00272,hli2s19g00852,dz186s7g00958,,
cpa1s2g01231,cca301s6g01235,tc180s10g01173,hum1sNW_018397270.1g00273,hli2s19g00851,dz186s7g00956,opy300s28g00740,
cpa1s2g01224,cca301s6g01239,tc180s10g01176,hum1sNW_018397270.1g00276,hli2s19g00849,,opy300s28g00741,
cpa1s2g01219,cca301s6g01240,tc180s10g01177,hum1sNW_018397270.1g00278,hli2s19g00843,dz186s7g00955,,
cpa1s2g01217,cca301s6g01242,tc180s10g01179,hum1sNW_018397270.1g00284,hli2s19g00841,,opy300s28g00746,ga198s13g00070
cpa1s2g01253,cca301s6g01243,tc180s10g01180,hum1sNW_018397270.1g00286,hli2s19g00840,dz186s7g00953,opy300s28g00747,
cpa1s2g01254,cca301s6g01247,tc180s10g01182,hum1sNW_018397270.1g00288,hli2s16g01369,dz186s7g00952,opy300s28g00748,
cpa1s2g01255,cca301s6g01248,tc180s10g01183,hum1sNW_018397270.1g00289,hli2s16g01367,dz186s7g00951,opy300s28g00749,ga198s13g00071
cpa1s2g01258,cca301s6g01250,tc180s10g01187,hum1sNW_018397270.1g00293,,dz186s7g00949,opy300s28g00613,
cpa1s2g01261,,tc180s10g01190,hum1sNW_018397270.1g00296,hli2s16g01364,dz186s7g00947,opy300s28g00611,ga198s13g00073
cpa1s2g01262,,tc180s10g01191,hum1sNW_018397270.1g00297,hli2s16g01363,dz186s7g00946,opy300s28g00610,ga198s13g00076
,cca301s6g01266,tc180s10g01205,hum1sNW_018397270.1g00314,,dz186s7g00945,opy300s28g00606,ga198s13g00080
,cca301s6g01267,tc180s10g01206,hum1sNW_018397270.1g00315,hli2s16g01339,,opy300s28g00604,ga198s13g00089
cpa1s2g01268,cca301s6g01269,tc180s10g01210,hum1sNW_018397270.1g00321,hli2s16g01335,,opy300s28g00602,ga198s13g00090
cpa1s2g01269,cca301s6g01270,tc180s10g01211,hum1sNW_018397270.1g00322,hli2s16g01334,,opy300s28g00601,ga198s13g00091
,cca301s6g01272,tc180s10g01218,hum1sNW_018397270.1g00325,hli2s16g01333,,opy300s28g00600,ga198s13g00092
cpa1s2g01194,,tc180s10g00062,hum1sNW_018397268.1g00068,hli2s15g01646,dz186s23g00272,opy300s22g01105,ga198s5g03324
cpa1s2g01181,,tc180s10g00074,hum1sNW_018397268.1g00080,hli2s15g01638,dz186s23g00280,opy300s22g01106,ga198s5g03323
cpa1s2g01177,,tc180s10g00078,hum1sNW_018397268.1g00084,,dz186s23g00282,opy300s22g01108,ga198s5g03322
cpa1s2g01171,,tc180s10g00090,hum1sNW_018397268.1g00093,hli2s15g01632,dz186s23g00287,opy300s22g01109,
cpa1s2g01170,,tc180s10g00091,hum1sNW_018397268.1g00094,,dz186s23g00288,opy300s22g01110,ga198s5g03320
cpa1s2g01156,,tc180s10g00104,hum1sNW_018397268.1g00108,hli2s15g01624,dz186s23g00296,opy300s22g01112,
cpa1s2g01145,,tc180s10g00116,hum1sNW_018397268.1g00116,hli2s15g01620,dz186s23g00304,opy300s22g01113,ga198s5g03319
cpa1s2g01137,,tc180s10g00126,hum1sNW_018397268.1g00127,hli2s15g01614,dz186s23g00312,opy300s22g01115,
cpa1s2g01135,,tc180s10g00128,hum1sNW_018397268.1g00130,hli2s15g01612,dz186s23g00313,opy300s22g01117,
cpa1s2g01131,,tc180s10g00131,hum1sNW_018397268.1g00133,hli2s15g01610,dz186s23g00316,opy300s22g01118,ga198s5g03318
cpa1s2g01128,,tc180s10g00132,hum1sNW_018397268.1g00134,hli2s15g01609,dz186s23g00317,opy300s22g01119,
cpa1s2g01103,,tc180s10g00182,hum1sNW_018397268.1g00176,hli2s15g01582,dz186s23g00349,opy300s22g01124,ga198s5g03315
cpa1s2g01091,,tc180s10g00188,hum1sNW_018397268.1g00182,,dz186s23g00354,opy300s22g01125,ga198s5g03314
cpa1s2g01094,,tc180s10g00191,hum1sNW_018397268.1g00187,hli2s15g01573,dz186s23g00357,opy300s22g01126,
cpa1s2g01095,,tc180s10g00193,hum1sNW_018397268.1g00190,hli2s15g01570,dz186s23g00361,opy300s22g01127,
cpa1s2g01083,,tc180s10g00200,hum1sNW_018397268.1g00196,hli2s15g01567,dz186s23g00366,opy300s22g01131,
cpa1s2g01080,,tc180s10g00202,hum1sNW_018397268.1g00198,hli2s15g01565,dz186s23g00368,opy300s22g01132,
cpa1s2g01077,,tc180s10g00204,hum1sNW_018397268.1g00201,hli2s15g01562,dz186s23g00370,opy300s22g01134,ga198s5g03312
cpa1s2g01075,,tc180s10g00206,hum1sNW_018397268.1g00203,hli2s15g01561,dz186s23g00371,opy300s22g01136,
cpa1s2g01074,,tc180s10g00207,hum1sNW_018397268.1g00204,hli2s15g01560,dz186s23g00372,opy300s22g01137,
cpa1s2g01069,,tc180s10g00210,hum1sNW_018397268.1g00214,hli2s15g01558,dz186s23g00375,opy300s22g01138,ga198s5g03310
cpa1s2g01067,,tc180s10g00212,hum1sNW_018397268.1g00213,hli2s15g01555,dz186s23g00377,opy300s22g01139,ga198s5g03309
cpa1s2g01061,,tc180s10g00219,hum1sNW_018397268.1g00208,hli2s15g01551,dz186s23g00380,opy300s22g01141,ga198s5g03308
cpa1s2g01052,cca301s3g00001,tc180s10g00230,,hli2s15g01542,,opy300s22g01144,ga198s5g03305
cpa1s2g01049,cca301s3g00006,tc180s10g00233,hum1sNW_018397268.1g00217,hli2s15g01540,dz186s23g00387,,
cpa1s2g01045,cca301s3g00007,tc180s10g00234,hum1sNW_018397268.1g00218,hli2s15g01539,dz186s23g00388,,
cpa1s2g01044,cca301s3g00008,tc180s10g00235,hum1sNW_018397268.1g00219,hli2s15g01537,dz186s23g00389,opy300s22g01146,
cpa1s2g01041,cca301s3g00013,tc180s10g00239,hum1sNW_018397268.1g00223,hli2s15g01532,dz186s23g00392,opy300s22g01147,ga198s5g03291
cpa1s2g01036,cca301s3g00019,tc180s10g00242,hum1sNW_018397268.1g00224,hli2s15g01526,dz186s23g00395,,
cpa1s2g01032,cca301s3g00020,tc180s10g00245,hum1sNW_018397268.1g00228,hli2s15g01517,dz186s23g00398,opy300s22g01148,ga198s5g03287
cpa1s2g01030,cca301s3g00026,tc180s10g00248,hum1sNW_018397268.1g00232,hli2s15g01516,dz186s23g00401,,
cpa1s2g01028,cca301s3g00027,tc180s10g00249,hum1sNW_018397268.1g00234,hli2s15g01514,dz186s23g00402,,
cpa1s2g01027,cca301s3g00028,tc180s10g00250,hum1sNW_018397268.1g00235,,dz186s23g00403,opy300s22g01149,
cpa1s2g01026,cca301s3g00029,tc180s10g00251,hum1sNW_018397268.1g00236,,dz186s23g00404,opy300s22g01150,ga198s5g03284
cpa1s2g01024,cca301s3g00033,tc180s10g00256,hum1sNW_018397268.1g00244,hli2s15g01508,dz186s23g00405,,
cpa1s2g01021,cca301s3g00034,tc180s10g00258,hum1sNW_018397268.1g00246,hli2s15g01507,dz186s23g00407,opy300s22g01152,ga198s5g03281
cpa1s2g01020,cca301s3g00035,tc180s10g00259,hum1sNW_018397268.1g00247,hli2s15g01506,dz186s23g00408,,
cpa1s2g01019,cca301s3g00036,tc180s10g00260,hum1sNW_018397268.1g00248,hli2s15g01505,dz186s23g00409,,
cpa1s2g01018,,tc180s10g00263,hum1sNW_018397268.1g00251,hli2s15g01503,dz186s23g00412,opy300s22g01153,
cpa1s2g01017,cca301s3g00043,tc180s10g00264,hum1sNW_018397268.1g00252,hli2s15g01502,dz186s23g00413,,
cpa1s2g00973,cca301s3g00089,tc180s10g00265,hum1sNW_018397268.1g00253,hli2s15g01474,dz186s23g00443,,
cpa1s2g00974,cca301s3g00085,tc180s10g00266,hum1sNW_018397268.1g00254,hli2s15g01475,dz186s23g00442,,
cpa1s2g00975,cca301s3g00083,tc180s10g00267,hum1sNW_018397268.1g00255,hli2s15g01476,dz186s23g00441,opy300s22g01160,
cpa1s2g00976,cca301s3g00082,tc180s10g00268,hum1sNW_018397268.1g00256,hli2s15g01477,dz186s23g00440,,
cpa1s2g00979,cca301s3g00081,tc180s10g00271,hum1sNW_018397268.1g00260,,dz186s23g00437,opy300s22g01159,
cpa1s2g00982,cca301s3g00079,tc180s10g00272,hum1sNW_018397268.1g00261,hli2s15g01480,dz186s23g00435,,
cpa1s2g00983,cca301s3g00078,tc180s10g00273,hum1sNW_018397268.1g00262,hli2s15g01481,dz186s23g00434,opy300s22g01158,
cpa1s2g00986,cca301s3g00076,tc180s10g00276,hum1sNW_018397268.1g00265,hli2s15g01482,dz186s23g00431,,
cpa1s2g00988,cca301s3g00070,tc180s10g00278,hum1sNW_018397268.1g00267,hli2s15g01483,dz186s23g00429,,
cpa1s2g00989,cca301s3g00067,tc180s10g00279,hum1sNW_018397268.1g00268,hli2s15g01485,dz186s23g00428,,
cpa1s2g00990,cca301s3g00060,tc180s10g00280,hum1sNW_018397268.1g00272,hli2s15g01490,dz186s23g00426,,
cpa1s2g00992,cca301s3g00058,tc180s10g00282,hum1sNW_018397268.1g00274,hli2s15g01488,dz186s23g00425,opy300s22g01157,ga198s5g03280
cpa1s2g00993,cca301s3g00057,tc180s10g00283,hum1sNW_018397268.1g00275,hli2s15g01491,dz186s23g00424,,
cpa1s2g00994,cca301s3g00056,tc180s10g00284,hum1sNW_018397268.1g00276,hli2s15g01492,dz186s23g00423,,
cpa1s2g00996,cca301s3g00055,tc180s10g00285,hum1sNW_018397268.1g00277,hli2s15g01493,dz186s23g00422,opy300s22g01155,
cpa1s2g01004,cca301s3g00053,tc180s10g00288,hum1sNW_018397268.1g00280,,dz186s23g00421,opy300s22g01154,
cpa1s2g01009,cca301s3g00051,tc180s10g00290,hum1sNW_018397268.1g00282,hli2s15g01495,dz186s23g00419,,
cpa1s2g01010,cca301s3g00050,tc180s10g00291,hum1sNW_018397268.1g00283,hli2s15g01496,dz186s23g00418,,
cpa1s2g01011,cca301s3g00049,tc180s10g00292,hum1sNW_018397268.1g00284,hli2s15g01498,dz186s23g00417,,
cpa1s2g01012,cca301s3g00047,tc180s10g00293,hum1sNW_018397268.1g00285,hli2s15g01499,dz186s23g00416,,
cpa1s2g01015,cca301s3g00044,tc180s10g00295,hum1sNW_018397268.1g00288,hli2s15g01501,dz186s23g00414,,
cpa1s2g00973,cca301s3g00089,tc180s10g00296,hum1sNW_018397268.1g00289,hli2s15g01474,dz186s23g00447,,
cpa1s2g00972,cca301s3g00092,tc180s10g00297,hum1sNW_018397268.1g00290,,dz186s23g00449,opy300s22g01161,ga198s5g03277
cpa1s2g00967,cca301s3g00096,tc180s10g00301,hum1sNW_018397268.1g00294,,dz186s23g00453,opy300s22g01162,ga198s5g03276
cpa1s2g00966,cca301s3g00097,tc180s10g00302,hum1sNW_018397268.1g00295,hli2s15g01473,dz186s23g00454,,
cpa1s2g00964,cca301s3g00100,tc180s10g00306,hum1sNW_018397268.1g00299,hli2s15g01470,dz186s23g00458,opy300s22g01163,
cpa1s2g00963,cca301s3g00101,tc180s10g00307,hum1sNW_018397268.1g00300,hli2s15g01466,dz186s23g00459,,
cpa1s2g00961,cca301s3g00103,tc180s10g00309,hum1sNW_018397268.1g00303,hli2s15g01464,dz186s23g00462,,
cpa1s2g00958,cca301s3g00105,tc180s10g00311,hum1sNW_018397268.1g00305,hli2s15g01463,dz186s23g00463,opy300s22g01164,ga198s5g03275
cpa1s2g00956,cca301s3g00107,tc180s10g00313,hum1sNW_018397268.1g00307,hli2s15g01462,dz186s23g00465,opy300s22g01165,
cpa1s2g00955,cca301s3g00111,tc180s10g00315,hum1sNW_018397268.1g00309,hli2s15g01461,dz186s23g00467,opy300s22g01166,
cpa1s2g00949,cca301s3g00124,tc180s10g00320,hum1sNW_018397268.1g00312,hli2s15g01458,dz186s23g00477,opy300s22g01168,ga198s5g03274
cpa1s2g00948,cca301s3g00125,tc180s10g00321,,hli2s15g01457,dz186s23g00478,opy300s22g01169,
cpa1s2g00945,,tc180s10g00324,hum1sNW_018397268.1g00316,,dz186s23g00479,opy300s22g01170,ga198s5g03271
cpa1s2g00942,cca301s3g00139,tc180s10g00325,hum1sNW_018397268.1g00318,,dz186s23g00481,opy300s22g01171,ga198s5g03268
,cca301s3g00140,tc180s10g00326,hum1sNW_018397268.1g00319,hli2s15g01455,dz186s23g00482,opy300s22g01172,
cpa1s2g00940,cca301s3g00141,tc180s10g00334,hum1sNW_018397268.1g00321,hli2s15g01454,dz186s23g00483,,
cpa1s2g00937,cca301s3g00142,tc180s10g00337,hum1sNW_018397268.1g00325,hli2s15g01450,dz186s23g00485,,
cpa1s2g00925,cca301s3g00148,tc180s10g00341,hum1sNW_018397268.1g00330,hli2s15g01448,dz186s23g00487,,
cpa1s2g00929,cca301s3g00151,tc180s10g00344,hum1sNW_018397268.1g00333,hli2s15g01445,dz186s23g00489,opy300s22g01174,
cpa1s2g00917,cca301s3g00156,tc180s10g00350,hum1sNW_018397268.1g00337,hli2s15g01441,dz186s23g00493,opy300s22g01178,
cpa1s2g00916,cca301s3g00157,tc180s10g00352,,,dz186s23g00495,opy300s22g01180,ga198s5g03258
cpa1s2g00914,cca301s3g00158,tc180s10g00356,hum1sNW_018397268.1g00340,hli2s15g01435,dz186s23g00498,opy300s22g01182,ga198s5g03257
cpa1s2g00908,cca301s3g00161,tc180s10g00359,hum1sNW_018397268.1g00343,hli2s15g01434,dz186s23g00500,,
,cca301s3g00164,tc180s10g00362,hum1sNW_018397268.1g00347,hli2s15g01430,dz186s23g00503,opy300s22g01183,ga198s5g03256
,cca301s3g00165,tc180s10g00367,hum1sNW_018397268.1g00355,,dz186s23g00506,opy300s22g01186,ga198s5g03255
cpa1s2g00905,cca301s3g00168,tc180s10g00375,hum1sNW_018397268.1g00360,hli2s15g01425,dz186s23g00507,opy300s22g01187,
cpa1s2g00904,cca301s3g00169,tc180s10g00376,hum1sNW_018397268.1g00361,hli2s15g01424,dz186s23g00508,,
cpa1s2g00901,cca301s3g00171,tc180s10g00378,hum1sNW_018397268.1g00363,hli2s15g01423,dz186s23g00510,,
cpa1s2g00899,cca301s3g00172,tc180s10g00380,hum1sNW_018397268.1g00365,hli2s15g01421,dz186s23g00512,opy300s22g01190,ga198s5g03253
cpa1s2g00897,cca301s3g00177,tc180s10g00390,hum1sNW_018397268.1g00371,,dz186s23g00513,,ga198s5g03250
,cca301s3g00198,tc180s10g00411,hum1sNW_018397268.1g00378,hli2s15g01412,dz186s23g00518,opy300s22g01203,
,cca301s3g00202,tc180s10g00412,hum1sNW_018397268.1g00379,hli2s15g01408,dz186s23g00519,opy300s22g01204,
,cca301s3g00203,tc180s10g00413,hum1sNW_018397268.1g00380,hli2s15g01407,dz186s23g00521,opy300s22g01207,
cpa1s2g00882,cca301s3g00204,tc180s10g00416,hum1sNW_018397268.1g00383,hli2s15g01404,dz186s23g00524,opy300s22g01208,ga198s5g03240
cpa1s2g00881,cca301s3g00206,tc180s10g00417,hum1sNW_018397268.1g00387,hli2s15g01403,dz186s23g00525,,
cpa1s2g00879,cca301s3g00208,tc180s10g00421,hum1sNW_018397268.1g00392,hli2s15g01401,dz186s23g00526,,
cpa1s2g00878,,tc180s10g00423,hum1sNW_018397268.1g00394,hli2s15g01399,dz186s23g00527,opy300s22g01209,ga198s5g03239
cpa1s2g00871,,tc180s10g00431,hum1sNW_018397268.1g00400,hli2s15g01397,dz186s23g00533,opy300s22g01212,
cpa1s2g00870,cca301s3g00211,tc180s10g00432,hum1sNW_018397268.1g00401,hli2s15g01396,dz186s23g00534,,ga198s5g03237
cpa1s2g00868,cca301s3g00213,tc180s10g00433,hum1sNW_018397268.1g00402,,dz186s23g00535,opy300s22g01214,ga198s5g03236
cpa1s2g00864,cca301s3g00219,tc180s10g00437,hum1sNW_018397268.1g00406,hli2s15g01393,dz186s23g00538,,
cpa1s2g00863,,tc180s10g00438,hum1sNW_018397268.1g00407,,dz186s23g00539,opy300s22g01215,ga198s5g03233
cpa1s2g00861,cca301s3g00220,tc180s10g00439,hum1sNW_018397268.1g00408,hli2s15g01392,dz186s23g00540,opy300s22g01216,
cpa1s2g00856,cca301s3g00235,tc180s10g00448,hum1sNW_018397268.1g00416,hli2s15g01387,dz186s23g00545,,
cpa1s2g00854,cca301s3g00236,tc180s10g00450,hum1sNW_018397268.1g00418,hli2s15g01386,dz186s23g00548,opy300s22g01218,
cpa1s2g00853,cca301s3g00237,tc180s10g00453,hum1sNW_018397268.1g00422,hli2s15g01371,,opy300s22g01221,
cpa1s2g00850,cca301s3g00241,tc180s10g00458,hum1sNW_018397268.1g00427,hli2s15g01368,dz186s23g00552,opy300s22g01223,
cpa1s2g00848,cca301s3g00242,tc180s10g00459,hum1sNW_018397268.1g00428,hli2s15g01365,dz186s23g00553,,
cpa1s2g00846,cca301s3g00245,tc180s10g00460,hum1sNW_018397268.1g00431,hli2s15g01364,dz186s23g00554,,
cpa1s2g00845,cca301s3g00246,tc180s10g00461,hum1sNW_018397268.1g00432,hli2s15g01362,dz186s23g00555,,
cpa1s2g00843,cca301s3g00249,tc180s10g00463,hum1sNW_018397268.1g00435,hli2s15g01361,dz186s23g00557,,
cpa1s2g00842,cca301s3g00250,tc180s10g00464,hum1sNW_018397268.1g00436,hli2s15g01360,dz186s23g00558,opy300s22g01225,ga198s5g03226
cpa1s2g00841,cca301s3g00252,tc180s10g00466,hum1sNW_018397268.1g00439,hli2s15g01358,,opy300s22g01226,ga198s5g03225
cpa1s2g00840,cca301s3g00253,tc180s10g00467,hum1sNW_018397268.1g00440,hli2s15g01357,dz186s23g00560,,
cpa1s2g00833,cca301s3g00255,tc180s10g00469,hum1sNW_018397268.1g00442,hli2s15g01356,dz186s23g00562,,
cpa1s2g00828,cca301s3g00256,tc180s10g00470,hum1sNW_018397268.1g00443,hli2s15g01355,dz186s23g00563,,
cpa1s2g00825,cca301s3g00257,tc180s10g00473,hum1sNW_018397268.1g00446,hli2s15g01352,,opy300s22g01230,ga198s5g03223
cpa1s2g00824,cca301s3g00258,tc180s10g00474,hum1sNW_018397268.1g00447,hli2s15g01351,dz186s23g00564,opy300s22g01231,
cpa1s2g00822,cca301s3g00312,tc180s10g00475,hum1sNW_018397268.1g00448,hli2s15g01349,dz186s23g00565,,
cpa1s2g00821,cca301s3g00311,tc180s10g00476,hum1sNW_018397268.1g00449,hli2s15g01348,dz186s23g00566,,
cpa1s2g00819,cca301s3g00310,tc180s10g00477,hum1sNW_018397268.1g00453,hli2s15g01347,,opy300s22g01232,
cpa1s2g00816,cca301s3g00303,tc180s10g00482,hum1sNW_018397268.1g00456,hli2s15g01342,dz186s23g00572,,ga198s5g03222
cpa1s2g00815,cca301s3g00302,tc180s10g00483,hum1sNW_018397268.1g00458,hli2s15g01341,dz186s23g00573,opy300s22g01233,ga198s5g03220
cpa1s2g01599,cca301s3g00295,tc180s10g00488,hum1sNW_018397268.1g00466,hli2s15g01335,dz186s23g00579,opy300s22g01234,ga198s5g03218
cpa1s2g01592,cca301s3g00283,tc180s10g00492,hum1sNW_018397268.1g00471,hli2s15g01334,,opy300s22g01235,
,cca301s3g00279,tc180s10g00496,hum1sNW_018397268.1g00476,hli2s15g01330,dz186s23g00589,opy300s22g01236,ga198s5g03216
cpa1s2g01574,,tc180s10g00507,hum1sNW_018397268.1g00485,hli2s15g01322,dz186s23g00597,opy300s22g01238,
cpa1s2g01564,cca301s3g00319,tc180s10g00509,hum1sNW_018397268.1g00487,hli2s15g01321,dz186s23g00599,opy300s22g01239,ga198s5g03211
cpa1s2g01562,cca301s3g00321,tc180s10g00511,hum1sNW_018397268.1g00489,hli2s15g01319,dz186s23g00600,opy300s22g01240,ga198s5g03210
cpa1s2g01556,cca301s3g00323,tc180s10g00514,hum1sNW_018397268.1g00492,hli2s15g01315,dz186s23g00603,,
cpa1s2g01555,cca301s3g00324,tc180s10g00515,hum1sNW_018397268.1g00493,hli2s15g01313,dz186s23g00604,,
cpa1s2g01554,cca301s3g00325,tc180s10g00516,hum1sNW_018397268.1g00494,hli2s15g01312,,opy300s22g01241,ga198s5g03207
cpa1s2g01552,cca301s3g00327,tc180s10g00518,hum1sNW_018397268.1g00497,hli2s15g01311,dz186s23g00605,opy300s22g01242,
cpa1s2g01547,cca301s3g00329,tc180s10g00520,hum1sNW_018397268.1g00500,hli2s15g01310,dz186s23g00606,opy300s22g01243,
cpa1s2g01546,cca301s3g00331,tc180s10g00522,hum1sNW_018397268.1g00502,,dz186s23g00608,opy300s22g01244,ga198s5g03206
cpa1s2g01543,,tc180s10g00525,hum1sNW_018397268.1g00508,hli2s15g01305,dz186s23g00609,opy300s22g01245,ga198s5g03205
cpa1s2g01542,cca301s3g00335,tc180s10g00526,hum1sNW_018397268.1g00509,hli2s15g01304,dz186s23g00610,opy300s22g01246,
cpa1s2g01531,cca301s3g00362,tc180s10g00534,hum1sNW_018397268.1g00517,hli2s15g01299,dz186s23g00615,opy300s22g01249,
cpa1s2g01528,cca301s3g00372,tc180s10g00537,hum1sNW_018397268.1g00522,hli2s15g01289,dz186s23g00619,,
cpa1s2g01524,cca301s3g00385,tc180s10g00542,hum1sNW_018397268.1g00527,hli2s15g01281,dz186s23g00621,opy300s22g01251,ga198s5g03200
cpa1s2g01522,cca301s3g00388,tc180s10g00543,hum1sNW_018397268.1g00528,hli2s15g01280,dz186s23g00622,opy300s22g01252,ga198s5g03199
cpa1s2g01521,cca301s3g00389,tc180s10g00544,hum1sNW_018397268.1g00529,hli2s15g01279,,,ga198s5g03198
cpa1s2g01516,cca301s3g00396,tc180s10g00549,hum1sNW_018397268.1g00534,hli2s15g01275,dz186s23g00627,,
cpa1s2g01514,cca301s3g00405,tc180s10g00552,hum1sNW_018397268.1g00536,hli2s15g01274,dz186s23g00628,opy300s22g01253,
cpa1s2g01510,,tc180s10g00555,hum1sNW_018397268.1g00538,,dz186s23g00629,opy300s22g01256,ga198s5g03196
cpa1s2g01506,cca301s3g00409,tc180s10g00567,hum1sNW_018397268.1g00543,hli2s15g01270,,opy300s22g01260,ga198s5g03177
cpa1s2g01502,cca301s3g00416,tc180s10g00568,hum1sNW_018397268.1g00545,hli2s15g01269,dz186s23g00634,opy300s22g01261,
cpa1s2g01501,cca301s3g00417,tc180s10g00569,hum1sNW_018397268.1g00546,hli2s15g01265,dz186s23g00635,opy300s22g01262,ga198s5g03176
,,tc180s10g00570,hum1sNW_018397268.1g00547,hli2s15g01264,dz186s23g00636,opy300s22g01263,ga198s5g03175
cpa1s2g01499,cca301s3g00419,tc180s10g00574,hum1sNW_018397268.1g00550,,dz186s23g00638,opy300s22g01264,ga198s5g03174
cpa1s2g01490,cca301s3g00421,tc180s10g00576,hum1sNW_018397268.1g00552,,dz186s23g00640,,ga198s5g03173
cpa1s2g01485,cca301s3g00427,tc180s10g00579,hum1sNW_018397268.1g00557,,dz186s23g00642,opy300s22g01266,
,cca301s3g00428,tc180s10g00583,hum1sNW_018397268.1g00561,hli2s15g01253,dz186s23g00644,opy300s22g01267,ga198s5g03172
cpa1s2g01474,cca301s3g00437,tc180s10g00585,hum1sNW_018397268.1g00562,hli2s15g01249,dz186s23g00646,,
,cca301s3g00438,tc180s10g00586,hum1sNW_018397268.1g00563,hli2s15g01248,dz186s23g00647,opy300s22g01271,ga198s5g03164
cpa1s2g01473,cca301s3g00443,tc180s10g00590,hum1sNW_018397268.1g00572,hli2s15g01246,dz186s23g00653,,
cpa1s2g01469,cca301s3g00457,tc180s10g00595,hum1sNW_018397268.1g00578,hli2s15g01244,dz186s23g00657,opy300s22g01277,
,cca301s3g00458,tc180s10g00598,hum1sNW_018397268.1g00581,,dz186s23g00659,opy300s22g01319,ga198s5g03153
cpa1s2g01467,cca301s3g00460,tc180s10g00599,hum1sNW_018397268.1g00582,hli2s15g01240,dz186s23g00660,opy300s22g01318,
cpa1s2g01466,cca301s3g00461,tc180s10g00600,hum1sNW_018397268.1g00583,hli2s15g01238,dz186s23g00663,opy300s22g01317,ga198s5g03154
cpa1s2g01465,cca301s3g00462,tc180s10g00601,hum1sNW_018397268.1g00584,,dz186s23g00664,opy300s22g01315,
cpa1s2g01463,cca301s3g00464,tc180s10g00605,hum1sNW_018397268.1g00600,hli2s15g01236,,opy300s22g01309,ga198s5g03157
cpa1s2g01462,,tc180s10g00606,hum1sNW_018397268.1g00601,hli2s15g01235,dz186s23g00665,opy300s22g01308,ga198s5g03159
cpa1s2g01459,cca301s3g00478,tc180s10g00613,hum1sNW_018397268.1g00608,hli2s15g01224,dz186s23g00668,,
cpa1s2g01458,cca301s3g00480,tc180s10g00614,hum1sNW_018397268.1g00609,hli2s15g01223,,opy300s22g01320,
cpa1s2g01456,cca301s3g00481,tc180s10g00615,hum1sNW_018397268.1g00610,hli2s15g01222,dz186s23g00669,opy300s22g01321,
cpa1s2g01454,cca301s3g00482,tc180s10g00616,hum1sNW_018397268.1g00613,,dz186s23g00670,opy300s22g01322,ga198s5g03148
cpa1s2g01450,cca301s3g00504,tc180s10g00620,hum1sNW_018397268.1g00619,hli2s15g01217,dz186s23g00673,opy300s22g01324,ga198s5g03147
cpa1s2g01449,cca301s3g00508,tc180s10g00622,hum1sNW_018397268.1g00620,,,opy300s22g01325,ga198s5g03146
cpa1s2g01448,cca301s3g00509,tc180s10g00623,hum1sNW_018397268.1g00624,hli2s15g01215,dz186s23g00675,opy300s22g01326,
cpa1s2g01440,,tc180s10g00632,hum1sNW_018397268.1g00631,hli2s15g01205,,opy300s22g01333,ga198s5g03141
cpa1s2g01439,cca301s3g00515,tc180s10g00635,hum1sNW_018397268.1g00633,hli2s15g01202,dz186s23g00685,opy300s22g01337,ga198s5g03138
cpa1s2g01438,cca301s3g00520,tc180s10g00638,hum1sNW_018397268.1g00637,hli2s15g01201,dz186s23g00689,opy300s22g01338,ga198s5g03137
,cca301s3g00521,tc180s10g00639,hum1sNW_018397268.1g00638,hli2s15g01200,dz186s23g00690,opy300s22g01339,
cpa1s2g01432,cca301s3g00522,tc180s10g00641,hum1sNW_018397268.1g00640,hli2s15g01199,dz186s23g00692,opy300s22g01340,ga198s5g03135
cpa1s2g01427,cca301s3g00524,tc180s10g00645,hum1sNW_018397268.1g00644,hli2s15g01197,dz186s23g00693,opy300s22g01364,ga198s5g03132
cpa1s2g01426,cca301s3g00525,tc180s10g00647,hum1sNW_018397268.1g00645,hli2s15g01196,dz186s23g00695,,
cpa1s2g01421,cca301s3g00529,tc180s10g00653,hum1sNW_018397268.1g00650,,dz186s23g00698,opy300s22g01369,ga198s5g03128
cpa1s2g01420,cca301s3g00530,tc180s10g00654,hum1sNW_018397268.1g00651,hli2s15g01195,dz186s23g00699,opy300s22g01370,
cpa1s2g01415,cca301s3g00534,tc180s10g00662,hum1sNW_018397268.1g00657,hli2s15g01191,,opy300s22g01373,ga198s5g03127
cpa1s2g01414,cca301s3g00536,tc180s10g00668,hum1sNW_018397268.1g00662,,dz186s23g00703,opy300s22g01374,ga198s5g03126
cpa1s2g01413,cca301s3g00537,tc180s10g00669,hum1sNW_018397268.1g00663,,dz186s23g00704,opy300s22g01375,ga198s5g03125
,cca301s3g00567,tc180s10g00679,hum1sNW_018397268.1g00678,hli2s15g01177,dz186s23g00714,opy300s22g01385,ga198s5g03115
,cca301s3g00601,tc180s10g00681,hum1sNW_018397268.1g00682,hli2s15g01175,,opy300s22g01394,ga198s5g03113
,cca301s3g00603,tc180s10g00682,hum1sNW_018397268.1g00683,hli2s15g01169,,opy300s22g01395,ga198s5g03112
cpa1s2g01411,,tc180s10g00684,hum1sNW_018397268.1g00685,hli2s15g01168,dz186s23g00716,opy300s22g01396,ga198s5g03109
cpa1s2g01403,cca301s3g00607,tc180s10g00686,hum1sNW_018397268.1g00687,,dz186s23g00717,opy300s22g01397,
cpa1s2g01402,cca301s3g00610,tc180s10g00688,hum1sNW_018397268.1g00688,hli2s15g01167,dz186s23g00718,opy300s22g01398,
cpa1s2g01398,cca301s3g00628,tc180s10g00698,hum1sNW_018397268.1g00694,,,opy300s22g01406,ga198s5g03106
,cca301s3g00631,tc180s10g00699,hum1sNW_018397268.1g00696,hli2s15g01166,dz186s23g00722,,ga198s5g03104
,cca301s3g00632,tc180s10g00700,hum1sNW_018397268.1g00697,hli2s15g01163,dz186s23g00723,,ga198s5g03103
cpa1s2g01397,,tc180s10g00707,hum1sNW_018397268.1g00703,hli2s15g01153,dz186s23g00731,opy300s22g01429,
cpa1s2g01297,cca301s3g00659,tc180s10g00711,hum1sNW_018397268.1g00707,hli2s15g01152,dz186s23g00734,,
cpa1s2g01296,,tc180s10g00712,hum1sNW_018397268.1g00709,,dz186s23g00735,opy300s22g01477,ga198s5g03074
cpa1s2g01287,,tc180s10g00720,,hli2s15g01146,dz186s23g00739,opy300s22g01432,ga198s5g03098
cpa1s2g01393,cca301s3g00712,tc180s10g00728,hum1sNW_018397294.1g00002,hli2s15g01115,,opy300s22g01442,ga198s5g03091
,cca301s3g00716,tc180s10g00729,hum1sNW_018397294.1g00003,hli2s15g01112,,opy300s22g01443,ga198s5g03090
,cca301s3g00717,tc180s10g00730,hum1sNW_018397294.1g00004,hli2s15g01111,,opy300s22g01444,ga198s5g03089
cpa1s2g01321,cca301s3g00745,tc180s10g00731,hum1sNW_018397294.1g00007,hli2s15g01097,,opy300s22g01450,
cpa1s2g01307,cca301s3g00736,tc180s10g00748,,hli2s15g01104,,opy300s22g01446,ga198s5g03087
,cca301s3g00705,tc180s10g00758,hum1sNW_018397269.1g00415,hli2s15g01117,,opy300s22g01441,ga198s5g03092
cpa1s2g01388,cca301s3g00702,tc180s10g00762,hum1sNW_018397269.1g00412,,,opy300s22g01439,ga198s5g03094
cpa1s2g01386,cca301s3g00693,tc180s10g00765,hum1sNW_018397269.1g00410,hli2s15g01128,dz186s23g00750,opy300s22g01438,ga198s5g03095
cpa1s2g01276,cca301s3g00690,tc180s10g00767,hum1sNW_018397269.1g00409,hli2s15g01130,,opy300s22g01436,
cpa1s8g00221,,tc180s10g00785,hum1sNW_018397269.1g00393,hli2s15g01691,dz186s23g00770,opy300s22g01457,ga198s5g03084
cpa1s8g00222,,tc180s10g00786,hum1sNW_018397269.1g00391,hli2s15g01692,dz186s23g00762,opy300s22g01458,ga198s5g03083
cpa1s8g00225,,tc180s10g00787,hum1sNW_018397269.1g00390,hli2s15g01693,dz186s23g00761,opy300s22g01461,ga198s5g03081
,cca301s6g00701,tc180s10g00806,hum1sNW_018397269.1g00368,,dz186s23g00763,opy300s22g01470,ga198s5g03080
cpa1s8g01065,cca301s6g00698,tc180s10g00810,hum1sNW_018397269.1g00364,hli2s15g01702,,opy300s22g01484,ga198s5g03072
cpa1s8g01068,cca301s6g00683,tc180s10g00817,hum1sNW_018397269.1g00356,hli2s15g01704,,opy300s22g01485,ga198s5g03071
cpa1s8g01072,cca301s6g00676,tc180s10g00821,hum1sNW_018397269.1g00351,hli2s15g01706,dz186s23g00771,opy300s22g01486,
cpa1s8g00178,cca301s6g00869,tc180s10g00840,hum1sNW_018397269.1g00320,hli2s15g01729,dz186s23g00790,,
cpa1s8g00184,cca301s6g00880,tc180s10g00864,hum1sNW_018397269.1g00304,hli2s15g01735,,opy300s22g01494,ga198s5g03062
cpa1s8g00186,cca301s6g00877,tc180s10g00867,hum1sNW_018397269.1g00302,hli2s15g01733,dz186s23g00793,,
cpa1s8g01063,cca301s6g00904,tc180s10g00872,hum1sNW_018397269.1g00297,hli2s15g01747,dz186s23g00811,opy300s22g01497,ga198s5g03059
cpa1s8g01061,cca301s6g00909,tc180s10g00874,hum1sNW_018397269.1g00295,hli2s15g01749,dz186s23g00812,,
cpa1s8g01048,cca301s6g00915,tc180s10g00877,hum1sNW_018397269.1g00291,hli2s15g01750,dz186s23g00818,opy300s22g01503,ga198s5g03057
cpa1s8g01042,cca301s6g00923,tc180s10g00884,hum1sNW_018397269.1g00287,hli2s15g01755,dz186s23g00822,,
cpa1s8g01039,,tc180s10g00900,hum1sNW_018397269.1g00277,hli2s15g01768,dz186s23g00829,,ga198s5g03050
cpa1s8g01037,cca301s6g00934,tc180s10g00901,hum1sNW_018397269.1g00276,,dz186s23g00830,opy300s22g01539,
cpa1s8g00781,cca301s6g00958,tc180s10g00911,hum1sNW_018397269.1g00266,hli2s15g01772,dz186s23g00833,,
cpa1s8g00779,cca301s6g00960,tc180s10g00913,hum1sNW_018397269.1g00264,hli2s15g01774,dz186s23g00835,,
,cca301s6g00970,tc180s10g00923,hum1sNW_018397269.1g00260,hli2s15g01777,dz186s23g00840,opy300s22g01545,
,cca301s6g00978,tc180s10g00930,hum1sNW_018397284.1g00005,hli2s15g01780,dz186s23g00842,opy300s22g01548,ga198s5g03046
cpa1s8g00748,cca301s6g00988,tc180s10g00931,hum1sNW_018397284.1g00006,,dz186s23g00844,opy300s22g01682,
cpa1s8g00746,,tc180s10g00932,hum1sNW_018397284.1g00007,hli2s15g01787,,opy300s22g01680,ga198s5g03040
,cca301s6g00994,tc180s10g00936,hum1sNW_018397284.1g00011,hli2s15g01790,dz186s23g00846,opy300s22g01678,ga198s5g03039
cpa1s8g00745,cca301s6g00998,tc180s10g00950,hum1sNW_018397284.1g00018,hli2s15g01796,,opy300s22g01670,ga198s5g03037
,cca301s6g00999,tc180s10g00952,hum1sNW_018397284.1g00019,,dz186s23g00856,opy300s22g01669,ga198s5g03036
,cca301s6g01002,tc180s10g00953,,hli2s15g01797,dz186s23g00025,opy300s22g01668,ga198s5g03035
,cca301s6g01010,tc180s10g00964,hum1sNW_018397284.1g00021,,dz186s23g00056,opy300s22g01648,ga198s5g03029
cpa1s8g00734,cca301s6g01015,tc180s10g00969,hum1sNW_018397284.1g00024,hli2s15g01799,dz186s23g00060,opy300s22g01645,
cpa1s8g00727,cca301s6g01023,tc180s10g00974,,hli2s15g01803,dz186s23g00066,opy300s22g01644,
cpa1s8g00728,cca301s6g01024,tc180s10g00975,,,dz186s23g00067,opy300s22g01643,ga198s5g03027
cpa1s8g00729,cca301s6g01026,tc180s10g00985,hum1sNW_018397270.1g00131,hli2s15g01805,dz186s23g00081,opy300s22g01641,ga198s5g03025
cpa1s8g00731,cca301s6g01028,tc180s10g00986,hum1sNW_018397270.1g00133,,dz186s23g00082,opy300s22g01640,
cpa1s8g00724,,tc180s10g00987,hum1sNW_018397270.1g00134,hli2s15g01806,dz186s23g00083,opy300s22g01639,ga198s5g03023
cpa1s8g00732,cca301s6g01029,tc180s10g00988,hum1sNW_018397270.1g00135,,dz186s23g00084,opy300s22g01638,ga198s5g03022
cpa1s8g00733,cca301s6g01030,tc180s10g00989,hum1sNW_018397270.1g00136,hli2s15g01807,dz186s23g00085,,
cpa1s8g00723,cca301s6g01050,tc180s10g01003,hum1sNW_018397270.1g00147,hli2s15g01813,dz186s23g00114,,
cpa1s8g00721,cca301s6g01051,tc180s10g01004,hum1sNW_018397270.1g00148,hli2s15g01815,dz186s23g00115,,
cpa1s8g00713,cca301s6g01075,tc180s10g01018,hum1sNW_018397270.1g00157,hli2s15g01819,dz186s23g00120,,
cpa1s8g00701,cca301s6g01081,tc180s10g01023,hum1sNW_018397270.1g00164,,dz186s23g00125,opy300s22g01631,ga198s5g03013
cpa1s8g00700,cca301s6g01083,tc180s10g01025,hum1sNW_018397270.1g00166,hli2s15g01824,dz186s23g00126,opy300s22g01628,ga198s5g03012
,cca301s6g01095,tc180s10g01040,hum1sNW_018397270.1g00178,hli2s15g01826,,opy300s22g01627,ga198s5g03011
cpa1s8g00698,cca301s6g01107,tc180s10g01048,hum1sNW_018397270.1g00183,hli2s15g01827,dz186s23g00137,opy300s22g01626,ga198s5g03009
cpa1s8g00697,cca301s6g01109,tc180s10g01049,hum1sNW_018397270.1g00184,hli2s15g01828,dz186s23g00136,opy300s22g01625,ga198s5g03008
,cca301s6g01110,tc180s10g01050,hum1sNW_018397270.1g00185,hli2s15g01829,dz186s23g00135,opy300s22g01624,ga198s5g03007
cpa1s8g00695,cca301s6g01123,tc180s10g01055,hum1sNW_018397270.1g00189,hli2s15g01843,dz186s23g00142,opy300s22g01623,ga198s5g03006
cpa1s8g00686,cca301s6g01124,tc180s10g01056,hum1sNW_018397270.1g00190,hli2s15g01842,dz186s23g00143,,
,cca301s6g01127,tc180s10g01057,hum1sNW_018397270.1g00192,,dz186s23g00144,opy300s22g01622,ga198s5g03005
cpa1s8g00682,cca301s6g01131,tc180s10g01075,hum1sNW_018397270.1g00197,hli2s15g01840,,opy300s22g01617,ga198s5g03003
cpa1s8g00681,cca301s6g01132,tc180s10g01076,hum1sNW_018397270.1g00198,hli2s15g01839,dz186s23g00146,opy300s22g01616,ga198s5g03002
cpa1s8g00680,cca301s6g01138,tc180s10g01079,hum1sNW_018397270.1g00201,hli2s15g01837,dz186s23g00147,,
,cca301s6g01141,tc180s10g01092,hum1sNW_018397270.1g00212,hli2s15g01836,dz186s23g00151,opy300s22g01612,
cpa1s2g01203,cca301s6g01143,tc180s10g01095,hum1sNW_018397270.1g00214,hli2s15g01834,,opy300s22g01611,
cpa1s2g01204,cca301s6g01156,tc180s10g01107,hum1sNW_018397270.1g00219,hli2s15g01833,dz186s23g00158,opy300s22g01610,
cpa1s2g01206,cca301s6g01162,tc180s10g01112,hum1sNW_018397270.1g00224,hli2s15g01831,dz186s23g00162,,
cpa1s2g01207,cca301s6g01164,tc180s10g01114,hum1sNW_018397270.1g00226,hli2s15g01844,dz186s23g00164,opy300s22g01607,ga198s5g02995
cpa1s2g01208,cca301s6g01165,tc180s10g01115,hum1sNW_018397270.1g00227,hli2s15g01845,dz186s23g00165,opy300s22g01606,ga198s5g02993
,,tc180s10g01119,hum1sNW_018397270.1g00231,hli2s15g01846,dz186s23g00167,opy300s22g01604,ga198s5g02990
,cca301s6g01167,tc180s10g01120,hum1sNW_018397270.1g00232,hli2s15g01847,,opy300s22g01603,ga198s5g02989
cpa1s2g01212,,tc180s10g01121,hum1sNW_018397270.1g00233,hli2s15g01848,,opy300s22g01602,ga198s5g02988
,,tc180s10g01122,hum1sNW_018397270.1g00234,hli2s15g01849,dz186s23g00168,opy300s22g01601,ga198s5g02987
,cca301s6g01175,tc180s10g01128,hum1sNW_018397270.1g00240,,dz186s23g00174,opy300s22g01599,ga198s5g02986
cpa1s2g01251,cca301s6g01179,tc180s10g01130,hum1sNW_018397270.1g00242,hli2s15g01852,,opy300s22g01598,
cpa1s2g01250,,tc180s10g01131,hum1sNW_018397270.1g00243,hli2s15g01853,dz186s23g00177,opy300s22g01597,ga198s5g02985
cpa1s2g01248,cca301s6g01185,tc180s10g01133,hum1sNW_018397270.1g00246,hli2s15g01854,dz186s23g00178,,
cpa1s2g01247,cca301s6g01207,tc180s10g01143,hum1sNW_018397270.1g00248,hli2s15g01856,dz186s23g00179,opy300s22g01592,ga198s5g02981
cpa1s2g01245,cca301s6g01209,tc180s10g01145,hum1sNW_018397270.1g00250,hli2s15g01857,dz186s23g00180,opy300s22g01590,
cpa1s2g01243,cca301s6g01212,tc180s10g01148,hum1sNW_018397270.1g00253,hli2s15g01858,,opy300s22g01587,
cpa1s2g01241,cca301s6g01220,tc180s10g01157,hum1sNW_018397270.1g00256,,dz186s23g00185,opy300s22g01582,ga198s5g02979
cpa1s2g01240,cca301s6g01221,tc180s10g01158,hum1sNW_018397270.1g00257,,dz186s23g00186,opy300s22g01581,ga198s5g02978
cpa1s2g01239,cca301s6g01225,tc180s10g01161,hum1sNW_018397270.1g00259,hli2s15g01867,dz186s23g00187,,
cpa1s2g01238,cca301s6g01226,tc180s10g01162,hum1sNW_018397270.1g00260,,dz186s23g00188,opy300s22g01579,
cpa1s2g01237,cca301s6g01227,tc180s10g01163,hum1sNW_018397270.1g00261,hli2s15g01868,dz186s23g00189,opy300s22g01578,ga198s5g02977
cpa1s2g01236,cca301s6g01229,tc180s10g01165,hum1sNW_018397270.1g00264,hli2s15g01869,dz186s23g00191,opy300s22g01576,ga198s5g02976
cpa1s2g01235,cca301s6g01231,tc180s10g01168,hum1sNW_018397270.1g00268,hli2s15g01870,dz186s23g00195,,
cpa1s2g01234,,tc180s10g01170,hum1sNW_018397270.1g00270,hli2s15g01871,dz186s23g00196,opy300s22g01575,
cpa1s2g01233,,tc180s10g01171,hum1sNW_018397270.1g00271,hli2s15g01872,dz186s23g00197,opy300s22g01573,ga198s5g02975
cpa1s2g01232,cca301s6g01234,tc180s10g01172,hum1sNW_018397270.1g00272,hli2s15g01873,dz186s23g00198,opy300s22g01572,ga198s5g02974
cpa1s2g01231,cca301s6g01235,tc180s10g01173,hum1sNW_018397270.1g00273,hli2s15g01874,dz186s23g00199,opy300s22g01571,ga198s5g02973
cpa1s2g01230,cca301s6g01236,tc180s10g01174,hum1sNW_018397270.1g00274,hli2s15g01875,dz186s23g00200,opy300s22g01570,ga198s5g02972
cpa1s2g01225,cca301s6g01237,tc180s10g01175,hum1sNW_018397270.1g00275,hli2s15g01876,dz186s23g00201,,
cpa1s2g01219,cca301s6g01240,tc180s10g01177,hum1sNW_018397270.1g00278,,dz186s23g00204,opy300s22g01566,ga198s5g02970
cpa1s2g01218,,tc180s10g01178,hum1sNW_018397270.1g00283,hli2s15g01878,dz186s23g00205,opy300s22g01565,
cpa1s2g01253,cca301s6g01243,tc180s10g01180,hum1sNW_018397270.1g00286,hli2s15g01880,dz186s23g00206,opy300s22g01564,ga198s5g02969
cpa1s2g01255,cca301s6g01248,tc180s10g01183,hum1sNW_018397270.1g00289,hli2s15g01882,dz186s23g00209,opy300s22g01563,
cpa1s2g01263,cca301s6g01254,tc180s10g01192,hum1sNW_018397270.1g00300,,dz186s23g00215,opy300s22g01561,ga198s5g02968
,,tc180s10g01193,hum1sNW_018397270.1g00301,hli2s15g01888,dz186s23g00216,opy300s22g01560,ga198s5g02966
,,tc180s10g01199,hum1sNW_018397270.1g00306,hli2s15g01890,dz186s23g00224,opy300s22g01559,ga198s5g02965
cpa1s2g01266,cca301s6g01260,tc180s10g01202,hum1sNW_018397270.1g00309,hli2s15g01892,dz186s23g00227,,
cpa1s2g01267,cca301s6g01264,tc180s10g01204,hum1sNW_018397270.1g00313,hli2s15g01893,,opy300s22g01696,ga198s5g02963
,cca301s6g01266,tc180s10g01205,hum1sNW_018397270.1g00314,hli2s15g01894,,opy300s22g01695,ga198s5g02962
,,tc180s10g01208,hum1sNW_018397270.1g00317,hli2s15g01897,dz186s23g00231,opy300s22g01694,ga198s5g02961
cpa1s2g01268,cca301s6g01269,tc180s10g01210,hum1sNW_018397270.1g00321,hli2s15g01901,dz186s23g00237,opy300s22g01692,ga198s5g02960
cpa1s2g01269,cca301s6g01270,tc180s10g01211,hum1sNW_018397270.1g00322,hli2s15g01902,dz186s23g00238,opy300s22g01690,
cpa1s8g00658,,tc180s10g00023,hum1sNW_018397268.1g00024,,dz186s4g00858,opy300s41g00388,ga198s4g01289
cpa1s8g00671,,tc180s10g00044,hum1sNW_018397268.1g00046,,dz186s4g00864,opy300s41g00379,ga198s4g01309
cpa1s8g00672,,tc180s10g00047,hum1sNW_018397268.1g00049,,dz186s4g00869,opy300s41g00378,ga198s4g01308
cpa1s2g01200,,tc180s10g00056,hum1sNW_018397268.1g00062,,dz186s4g00873,opy300s41g00373,ga198s4g01317
cpa1s2g01189,,tc180s10g00066,hum1sNW_018397268.1g00072,,dz186s4g00878,opy300s41g00372,ga198s4g01318
cpa1s2g01172,,tc180s10g00088,hum1sNW_018397268.1g00091,,dz186s4g00883,opy300s41g00367,ga198s4g01321
cpa1s2g01163,,tc180s10g00098,hum1sNW_018397268.1g00102,,dz186s4g00887,opy300s41g00362,ga198s4g01327
cpa1s2g01161,,tc180s10g00099,hum1sNW_018397268.1g00103,,dz186s4g00888,opy300s41g00360,ga198s4g01328
cpa1s2g01147,,tc180s10g00113,hum1sNW_018397268.1g00114,,dz186s4g00896,opy300s41g00351,ga198s4g01333
cpa1s2g01145,,tc180s10g00116,hum1sNW_018397268.1g00116,,dz186s4g00897,opy300s41g00349,ga198s4g01335
cpa1s2g01139,,tc180s10g00123,hum1sNW_018397268.1g00122,,dz186s4g00898,opy300s41g00345,ga198s4g01341
cpa1s2g01138,,tc180s10g00125,hum1sNW_018397268.1g00124,,dz186s4g00899,opy300s41g00344,ga198s4g01345
cpa1s2g01134,,tc180s10g00129,hum1sNW_018397268.1g00131,,dz186s4g00902,opy300s41g00343,ga198s4g01349
cpa1s2g01124,,tc180s10g00136,hum1sNW_018397268.1g00138,,dz186s4g00908,opy300s41g00340,ga198s4g01351
cpa1s2g01108,,tc180s10g00165,hum1sNW_018397268.1g00161,,dz186s4g00918,opy300s41g00334,ga198s4g01358
cpa1s2g01107,,tc180s10g00166,hum1sNW_018397268.1g00162,,dz186s4g00919,opy300s41g00333,ga198s4g01360
cpa1s2g01088,,tc180s10g00185,hum1sNW_018397268.1g00179,,dz186s4g00921,opy300s41g00327,ga198s4g01362
cpa1s2g01049,cca301s3g00006,tc180s10g00233,hum1sNW_018397268.1g00217,,dz186s4g00941,opy300s41g00300,ga198s4g01373
cpa1s2g01041,cca301s3g00013,tc180s10g00239,hum1sNW_018397268.1g00223,,,opy300s41g00297,ga198s4g01375
cpa1s2g01032,cca301s3g00020,tc180s10g00245,hum1sNW_018397268.1g00228,,dz186s4g00932,opy300s41g00294,ga198s4g01378
cpa1s2g01027,cca301s3g00028,tc180s10g00250,hum1sNW_018397268.1g00235,,dz186s4g00931,opy300s41g00291,
cpa1s2g01026,cca301s3g00029,tc180s10g00251,hum1sNW_018397268.1g00236,,dz186s4g00929,opy300s41g00288,
cpa1s2g01021,cca301s3g00034,tc180s10g00258,hum1sNW_018397268.1g00246,,,opy300s41g00282,ga198s4g01379
cpa1s2g01019,cca301s3g00036,tc180s10g00260,hum1sNW_018397268.1g00248,,,opy300s41g00280,ga198s4g01380
cpa1s2g00973,cca301s3g00089,tc180s10g00265,hum1sNW_018397268.1g00253,,,opy300s41g00260,ga198s4g01400
cpa1s2g00985,cca301s3g00077,tc180s10g00275,hum1sNW_018397268.1g00264,,,opy300s41g00264,ga198s4g01396
cpa1s2g00986,cca301s3g00076,tc180s10g00276,hum1sNW_018397268.1g00265,,,opy300s41g00265,ga198s4g01397
cpa1s2g00989,cca301s3g00067,tc180s10g00279,hum1sNW_018397268.1g00268,,,opy300s41g00266,ga198s4g01391
cpa1s2g01009,cca301s3g00051,tc180s10g00290,hum1sNW_018397268.1g00282,,,opy300s41g00273,ga198s4g01386
cpa1s2g01011,cca301s3g00049,tc180s10g00292,hum1sNW_018397268.1g00284,,,opy300s41g00275,ga198s4g01385
cpa1s2g00973,cca301s3g00089,tc180s10g00296,hum1sNW_018397268.1g00289,,,opy300s41g00260,ga198s4g01400
cpa1s2g00972,cca301s3g00092,tc180s10g00297,hum1sNW_018397268.1g00290,,,opy300s41g00259,ga198s4g01401
cpa1s2g00966,cca301s3g00097,tc180s10g00302,hum1sNW_018397268.1g00295,,,opy300s41g00258,ga198s4g01403
cpa1s2g00963,cca301s3g00101,tc180s10g00307,hum1sNW_018397268.1g00300,,,opy300s41g00257,ga198s4g01405
cpa1s2g00956,cca301s3g00107,tc180s10g00313,hum1sNW_018397268.1g00307,,dz186s4g00960,opy300s41g00255,ga198s4g01406
cpa1s2g00925,cca301s3g00148,tc180s10g00341,hum1sNW_018397268.1g00330,,,opy300s41g00238,ga198s4g01414
cpa1s2g00917,cca301s3g00156,tc180s10g00350,hum1sNW_018397268.1g00337,,,opy300s41g00230,ga198s4g01419
cpa1s2g00914,cca301s3g00158,tc180s10g00356,hum1sNW_018397268.1g00340,,dz186s4g00968,opy300s41g00227,
cpa1s2g00908,cca301s3g00161,tc180s10g00359,hum1sNW_018397268.1g00343,,,opy300s41g00226,ga198s4g01423
cpa1s2g00902,cca301s3g00170,tc180s10g00377,hum1sNW_018397268.1g00362,,,opy300s41g00222,ga198s4g01439
cpa1s2g00901,cca301s3g00171,tc180s10g00378,hum1sNW_018397268.1g00363,,,opy300s41g00221,ga198s4g01424
cpa1s2g00900,,tc180s10g00379,hum1sNW_018397268.1g00364,,dz186s4g00975,opy300s41g00220,ga198s4g01425
cpa1s2g00883,,tc180s10g00415,hum1sNW_018397268.1g00382,,dz186s4g00977,opy300s41g00204,ga198s4g01431
cpa1s2g00881,cca301s3g00206,tc180s10g00417,hum1sNW_018397268.1g00387,,dz186s4g00979,opy300s41g00205,ga198s4g01429
cpa1s2g00879,cca301s3g00208,tc180s10g00421,hum1sNW_018397268.1g00392,,dz186s4g00981,opy300s41g00206,ga198s4g01428
cpa1s2g00873,cca301s3g00209,tc180s10g00427,hum1sNW_018397268.1g00395,,dz186s4g00982,opy300s41g00201,ga198s4g01433
cpa1s2g00870,cca301s3g00211,tc180s10g00432,hum1sNW_018397268.1g00401,,dz186s4g00985,opy300s41g00198,
cpa1s2g00865,,tc180s10g00436,hum1sNW_018397268.1g00405,,dz186s4g00986,opy300s41g00197,ga198s4g01434
cpa1s2g00864,cca301s3g00219,tc180s10g00437,hum1sNW_018397268.1g00406,,dz186s4g00987,opy300s41g00196,ga198s4g01437
cpa1s2g00863,,tc180s10g00438,hum1sNW_018397268.1g00407,,dz186s4g00988,opy300s41g00195,ga198s4g01438
cpa1s2g00861,cca301s3g00220,tc180s10g00439,hum1sNW_018397268.1g00408,,dz186s4g00989,opy300s41g00193,
cpa1s2g00857,cca301s3g00234,tc180s10g00447,hum1sNW_018397268.1g00415,,,opy300s41g00192,ga198s4g01439
cpa1s2g00856,cca301s3g00235,tc180s10g00448,hum1sNW_018397268.1g00416,,dz186s4g00991,opy300s41g00191,
cpa1s2g00855,,tc180s10g00449,hum1sNW_018397268.1g00417,,dz186s4g00992,opy300s41g00190,ga198s4g01440
cpa1s2g00848,cca301s3g00242,tc180s10g00459,hum1sNW_018397268.1g00428,,dz186s4g00995,opy300s41g00181,
cpa1s2g00846,cca301s3g00245,tc180s10g00460,hum1sNW_018397268.1g00431,,dz186s4g00996,opy300s41g00180,
cpa1s2g00845,cca301s3g00246,tc180s10g00461,hum1sNW_018397268.1g00432,,dz186s4g00997,opy300s41g00179,
cpa1s2g00837,cca301s3g00254,tc180s10g00468,hum1sNW_018397268.1g00441,,dz186s4g00999,opy300s41g00175,
cpa1s2g00828,cca301s3g00256,tc180s10g00470,hum1sNW_018397268.1g00443,,dz186s4g01001,opy300s41g00174,
cpa1s2g00824,cca301s3g00258,tc180s10g00474,hum1sNW_018397268.1g00447,,dz186s4g01003,opy300s41g00173,
cpa1s2g00822,cca301s3g00312,tc180s10g00475,hum1sNW_018397268.1g00448,,dz186s4g01005,opy300s41g00170,
cpa1s2g00816,cca301s3g00303,tc180s10g00482,hum1sNW_018397268.1g00456,,dz186s4g01009,opy300s41g00168,
cpa1s2g01592,cca301s3g00283,tc180s10g00492,hum1sNW_018397268.1g00471,,dz186s4g01016,opy300s41g00163,
cpa1s2g01556,cca301s3g00323,tc180s10g00514,hum1sNW_018397268.1g00492,,,opy300s41g00150,ga198s4g02104
cpa1s2g01555,cca301s3g00324,tc180s10g00515,hum1sNW_018397268.1g00493,,,opy300s41g00149,ga198s4g02103
cpa1s2g01554,cca301s3g00325,tc180s10g00516,hum1sNW_018397268.1g00494,,,opy300s41g00148,ga198s4g02101
cpa1s2g01552,cca301s3g00327,tc180s10g00518,hum1sNW_018397268.1g00497,,,opy300s41g00147,ga198s4g02100
cpa1s2g01542,cca301s3g00335,tc180s10g00526,hum1sNW_018397268.1g00509,,dz186s4g01029,opy300s41g00144,ga198s4g02099
cpa1s2g01531,cca301s3g00362,tc180s10g00534,hum1sNW_018397268.1g00517,,dz186s4g01032,opy300s41g00134,
cpa1s2g01525,cca301s3g00383,tc180s10g00541,hum1sNW_018397268.1g00526,,,opy300s41g00130,ga198s4g02096
cpa1s2g01524,cca301s3g00385,tc180s10g00542,hum1sNW_018397268.1g00527,,dz186s4g01035,opy300s41g00128,
cpa1s2g01519,cca301s3g00395,tc180s10g00548,hum1sNW_018397268.1g00533,,dz186s4g01041,opy300s41g00125,
cpa1s2g01516,cca301s3g00396,tc180s10g00549,hum1sNW_018397268.1g00534,,,opy300s41g00124,ga198s4g02093
cpa1s2g01514,cca301s3g00405,tc180s10g00552,hum1sNW_018397268.1g00536,,dz186s4g01042,opy300s41g00123,
cpa1s2g01506,cca301s3g00409,tc180s10g00567,hum1sNW_018397268.1g00543,,,opy300s41g00120,ga198s4g02092
cpa1s2g01494,cca301s3g00420,tc180s10g00575,hum1sNW_018397268.1g00551,,dz186s4g01048,opy300s41g00117,ga198s4g02090
cpa1s2g01469,cca301s3g00457,tc180s10g00595,hum1sNW_018397268.1g00578,,,opy300s41g00073,ga198s4g02086
,cca301s3g00458,tc180s10g00598,hum1sNW_018397268.1g00581,,dz186s4g01053,opy300s41g00072,ga198s4g02085
cpa1s2g01462,,tc180s10g00606,hum1sNW_018397268.1g00601,,dz186s4g01057,opy300s41g00056,ga198s4g02084
cpa1s2g01454,cca301s3g00482,tc180s10g00616,hum1sNW_018397268.1g00613,,dz186s4g01064,opy300s41g00051,
cpa1s2g01444,cca301s3g00513,tc180s10g00628,,,dz186s4g01067,opy300s41g00044,ga198s4g02076
cpa1s2g01440,,tc180s10g00632,hum1sNW_018397268.1g00631,,dz186s4g01069,opy300s41g00042,ga198s4g02075
,cca301s3g00517,tc180s10g00637,hum1sNW_018397268.1g00636,,dz186s4g01070,opy300s41g00036,ga198s4g02072
cpa1s2g01432,cca301s3g00522,tc180s10g00641,hum1sNW_018397268.1g00640,,dz186s4g01071,opy300s41g00032,
cpa1s2g01422,cca301s3g00527,tc180s10g00651,hum1sNW_018397268.1g00649,,dz186s4g01074,opy300s41g00028,
cpa1s2g01421,cca301s3g00529,tc180s10g00653,hum1sNW_018397268.1g00650,,dz186s4g01078,opy300s41g00027,
cpa1s2g01420,cca301s3g00530,tc180s10g00654,hum1sNW_018397268.1g00651,,dz186s4g01079,opy300s41g00025,ga198s4g01886
cpa1s2g01413,cca301s3g00537,tc180s10g00669,hum1sNW_018397268.1g00663,,dz186s4g01087,opy300s41g00019,ga198s4g01898
cpa1s2g01402,cca301s3g00610,tc180s10g00688,hum1sNW_018397268.1g00688,,dz186s4g01097,opy300s41g00015,ga198s4g01897
,cca301s3g00617,tc180s10g00692,hum1sNW_018397268.1g00691,,dz186s4g01100,opy300s41g00010,ga198s4g01888
cpa1s2g01399,cca301s3g00627,tc180s10g00697,hum1sNW_018397268.1g00693,,dz186s4g01101,opy300s41g00008,
cpa1s2g01398,cca301s3g00628,tc180s10g00698,hum1sNW_018397268.1g00694,,dz186s4g01102,opy300s41g00006,
cpa1s2g01297,cca301s3g00659,tc180s10g00711,hum1sNW_018397268.1g00707,,,opy300s41g00565,ga198s4g01937
cpa1s2g01295,cca301s3g00674,tc180s10g00717,hum1sNW_018397268.1g00714,,,opy300s41g00564,ga198s4g01907
cpa1s2g01391,cca301s3g00703,tc180s10g00759,hum1sNW_018397269.1g00414,,dz186s4g00834,opy300s41g00575,
cpa1s2g01388,cca301s3g00702,tc180s10g00762,hum1sNW_018397269.1g00412,,dz186s4g00836,opy300s41g00574,
cpa1s8g01065,cca301s6g00698,tc180s10g00810,hum1sNW_018397269.1g00364,,dz186s4g00810,opy300s41g00551,
cpa1s8g01072,cca301s6g00676,tc180s10g00821,hum1sNW_018397269.1g00351,,dz186s4g00610,opy300s41g00548,ga198s4g01918
,cca301s6g00856,tc180s10g00838,hum1sNW_018397269.1g00322,,dz186s4g00602,opy300s41g00538,ga198s4g01909
cpa1s8g00183,cca301s6g00884,tc180s10g00862,hum1sNW_018397269.1g00305,,,opy300s41g00535,ga198s4g01936
cpa1s8g01062,cca301s6g00908,tc180s10g00873,hum1sNW_018397269.1g00296,,dz186s4g00593,opy300s41g00528,ga198s4g01932
cpa1s8g00193,cca301s6g00914,tc180s10g00876,hum1sNW_018397269.1g00292,,,opy300s41g00522,ga198s4g01928
cpa1s8g01048,cca301s6g00915,tc180s10g00877,hum1sNW_018397269.1g00291,,dz186s4g00591,opy300s41g00520,ga198s4g01923
cpa1s8g00781,cca301s6g00958,tc180s10g00911,hum1sNW_018397269.1g00266,,dz186s4g00580,opy300s41g00513,ga198s4g01919
cpa1s8g00748,cca301s6g00988,tc180s10g00931,hum1sNW_018397284.1g00006,,,opy300s41g00504,ga198s4g01947
cpa1s8g00734,cca301s6g01015,tc180s10g00969,hum1sNW_018397284.1g00024,,,opy300s41g00493,ga198s4g01954
,cca301s6g01016,tc180s10g00970,hum1sNW_018397284.1g00025,,dz186s4g00726,opy300s41g00492,ga198s4g01955
cpa1s8g00727,cca301s6g01023,tc180s10g00974,,,dz186s4g00727,opy300s41g00489,ga198s4g01957
cpa1s8g00729,cca301s6g01026,tc180s10g00985,hum1sNW_018397270.1g00131,,dz186s4g00731,opy300s41g00486,ga198s4g01958
cpa1s8g00732,cca301s6g01029,tc180s10g00988,hum1sNW_018397270.1g00135,,,opy300s41g00483,ga198s4g01963
,cca301s6g01038,tc180s10g00997,hum1sNW_018397270.1g00144,,dz186s4g00732,opy300s41g00482,ga198s4g01964
cpa1s8g00720,cca301s6g01053,tc180s10g01005,hum1sNW_018397270.1g00150,,dz186s4g00733,opy300s41g00479,ga198s4g01965
,cca301s6g01070,tc180s10g01014,hum1sNW_018397270.1g00153,,dz186s4g00734,opy300s41g00478,ga198s4g01966
cpa1s8g00713,cca301s6g01075,tc180s10g01018,hum1sNW_018397270.1g00157,,,opy300s41g00473,ga198s4g01969
cpa1s8g00701,cca301s6g01081,tc180s10g01023,hum1sNW_018397270.1g00164,,dz186s4g00741,opy300s41g00469,ga198s4g01971
cpa1s8g00700,cca301s6g01083,tc180s10g01025,hum1sNW_018397270.1g00166,,dz186s4g00742,opy300s41g00468,
,cca301s6g01110,tc180s10g01050,hum1sNW_018397270.1g00185,,dz186s4g00746,opy300s41g00467,ga198s4g01972
cpa1s8g00696,cca301s6g01111,tc180s10g01051,hum1sNW_018397270.1g00187,,dz186s4g00747,opy300s41g00466,ga198s4g01974
cpa1s8g00695,cca301s6g01123,tc180s10g01055,hum1sNW_018397270.1g00189,,dz186s4g00749,opy300s41g00464,
cpa1s2g01203,cca301s6g01143,tc180s10g01095,hum1sNW_018397270.1g00214,,dz186s4g00759,opy300s41g00458,ga198s4g01982
cpa1s2g01207,cca301s6g01164,tc180s10g01114,hum1sNW_018397270.1g00226,,,opy300s41g00456,ga198s4g01983
cpa1s2g01208,cca301s6g01165,tc180s10g01115,hum1sNW_018397270.1g00227,,dz186s4g00762,opy300s41g00455,ga198s4g01984
cpa1s2g01209,,tc180s10g01116,hum1sNW_018397270.1g00228,,dz186s4g00763,opy300s41g00454,ga198s4g01985
cpa1s2g01210,cca301s6g01166,tc180s10g01117,hum1sNW_018397270.1g00229,,dz186s4g00764,opy300s41g00453,ga198s4g01986
cpa1s2g01251,cca301s6g01179,tc180s10g01130,hum1sNW_018397270.1g00242,,dz186s4g00768,opy300s41g00448,ga198s4g01989
cpa1s2g01249,cca301s6g01181,tc180s10g01132,hum1sNW_018397270.1g00244,,,opy300s41g00447,ga198s4g01990
cpa1s2g01244,cca301s6g01211,tc180s10g01147,hum1sNW_018397270.1g00251,,,opy300s41g00443,ga198s4g01993
cpa1s2g01243,cca301s6g01212,tc180s10g01148,hum1sNW_018397270.1g00253,,,opy300s41g00442,ga198s4g01994
cpa1s2g01241,cca301s6g01220,tc180s10g01157,hum1sNW_018397270.1g00256,,dz186s4g00772,opy300s41g00440,ga198s4g01995
cpa1s2g01240,cca301s6g01221,tc180s10g01158,hum1sNW_018397270.1g00257,,dz186s4g00774,opy300s41g00439,ga198s4g01996
cpa1s2g01239,cca301s6g01225,tc180s10g01161,hum1sNW_018397270.1g00259,,dz186s4g00775,opy300s41g00437,ga198s4g01997
cpa1s2g01238,cca301s6g01226,tc180s10g01162,hum1sNW_018397270.1g00260,,dz186s4g00776,opy300s41g00436,
cpa1s2g01237,cca301s6g01227,tc180s10g01163,hum1sNW_018397270.1g00261,,dz186s4g00777,opy300s41g00435,ga198s4g01998
cpa1s2g01236,cca301s6g01229,tc180s10g01165,hum1sNW_018397270.1g00264,,dz186s4g00778,opy300s41g00434,ga198s4g02000
cpa1s2g01219,cca301s6g01240,tc180s10g01177,hum1sNW_018397270.1g00278,,,opy300s41g00432,ga198s4g02003
cpa1s2g01217,cca301s6g01242,tc180s10g01179,hum1sNW_018397270.1g00284,,dz186s4g00783,opy300s41g00430,
cpa1s2g01254,cca301s6g01247,tc180s10g01182,hum1sNW_018397270.1g00288,,,opy300s41g00428,ga198s4g02005
cpa1s2g01255,cca301s6g01248,tc180s10g01183,hum1sNW_018397270.1g00289,,dz186s4g00784,opy300s41g00427,ga198s4g02006
cpa1s2g01260,cca301s6g01252,tc180s10g01189,hum1sNW_018397270.1g00295,,dz186s4g00787,opy300s41g00425,ga198s4g02007
cpa1s2g01261,,tc180s10g01190,hum1sNW_018397270.1g00296,,dz186s4g00788,opy300s41g00424,ga198s4g02008
,cca301s6g01259,tc180s10g01201,hum1sNW_018397270.1g00308,,dz186s4g00796,opy300s41g00416,ga198s4g02012
cpa1s2g01266,cca301s6g01260,tc180s10g01202,hum1sNW_018397270.1g00309,,,opy300s41g00415,ga198s4g02013
cpa1s2g01268,cca301s6g01269,tc180s10g01210,hum1sNW_018397270.1g00321,,dz186s4g00799,opy300s41g00410,
cpa1s2g01269,cca301s6g01270,tc180s10g01211,hum1sNW_018397270.1g00322,,dz186s4g00800,opy300s41g00409,
cpa1s2g01044,cca301s3g00008,tc180s10g00235,hum1sNW_018397268.1g00219,,,opy300s30g00843,ga198s6g02022
cpa1s2g01024,cca301s3g00033,tc180s10g00256,hum1sNW_018397268.1g00244,,,opy300s30g00837,ga198s6g02026
cpa1s2g01017,cca301s3g00043,tc180s10g00264,hum1sNW_018397268.1g00252,,,opy300s30g00831,ga198s6g02027
cpa1s2g00975,cca301s3g00083,tc180s10g00267,hum1sNW_018397268.1g00255,,,opy300s30g00827,ga198s6g02030
cpa1s2g00976,cca301s3g00082,tc180s10g00268,hum1sNW_018397268.1g00256,,,opy300s30g00826,ga198s6g02031
cpa1s2g00982,cca301s3g00079,tc180s10g00272,hum1sNW_018397268.1g00261,,,opy300s30g00821,ga198s6g02032
cpa1s2g00912,cca301s3g00159,tc180s10g00357,hum1sNW_018397268.1g00341,,,opy300s30g00798,ga198s6g02045
cpa1s2g00864,cca301s3g00219,tc180s10g00437,hum1sNW_018397268.1g00406,,,opy300s30g00781,ga198s6g02052
cpa1s2g00856,cca301s3g00235,tc180s10g00448,hum1sNW_018397268.1g00416,,,opy300s30g00779,ga198s6g02053
cpa1s2g00848,cca301s3g00242,tc180s10g00459,hum1sNW_018397268.1g00428,,,opy300s30g00776,ga198s6g02228
cpa1s2g00840,cca301s3g00253,tc180s10g00467,hum1sNW_018397268.1g00440,,,opy300s30g00774,ga198s6g02226
cpa1s2g00822,cca301s3g00312,tc180s10g00475,hum1sNW_018397268.1g00448,,,opy300s30g00771,ga198s6g02225
cpa1s2g01592,cca301s3g00283,tc180s10g00492,hum1sNW_018397268.1g00471,,,opy300s30g00764,ga198s6g02224
cpa1s2g01563,cca301s3g00320,tc180s10g00510,hum1sNW_018397268.1g00488,,,opy300s30g00752,ga198s6g02215
cpa1s2g01555,cca301s3g00324,tc180s10g00515,hum1sNW_018397268.1g00493,,,opy300s30g00750,ga198s6g02229
cpa1s2g01535,cca301s3g00360,tc180s10g00531,hum1sNW_018397268.1g00514,,,opy300s30g00748,ga198s6g02231
cpa1s2g01526,cca301s3g00380,tc180s10g00540,hum1sNW_018397268.1g00525,,,opy300s30g00747,ga198s6g02232
cpa1s2g01522,cca301s3g00388,tc180s10g00543,hum1sNW_018397268.1g00528,,,opy300s30g00745,ga198s6g02234
cpa1s2g01466,cca301s3g00461,tc180s10g00600,hum1sNW_018397268.1g00583,,,opy300s30g00725,ga198s6g02072
cpa1s2g01465,cca301s3g00462,tc180s10g00601,hum1sNW_018397268.1g00584,,,opy300s30g00724,ga198s6g02070
cpa1s2g01450,cca301s3g00504,tc180s10g00620,hum1sNW_018397268.1g00619,,,opy300s30g00720,ga198s6g02068
cpa1s2g01432,cca301s3g00522,tc180s10g00641,hum1sNW_018397268.1g00640,,,opy300s30g00710,ga198s6g02058
cpa1s8g01065,cca301s6g00698,tc180s10g00810,hum1sNW_018397269.1g00364,,,opy300s30g00622,ga198s6g02085
cpa1s8g01067,cca301s6g00684,tc180s10g00816,hum1sNW_018397269.1g00358,,,opy300s30g00612,ga198s6g02088
cpa1s8g01055,cca301s6g00895,tc180s10g00852,hum1sNW_018397269.1g00311,,,opy300s30g00589,ga198s6g02102
cpa1s8g01062,cca301s6g00908,tc180s10g00873,hum1sNW_018397269.1g00296,,,opy300s30g00577,ga198s6g02110
cpa1s8g01061,cca301s6g00909,tc180s10g00874,hum1sNW_018397269.1g00295,,,opy300s30g00576,ga198s6g02109
cpa1s8g01048,cca301s6g00915,tc180s10g00877,hum1sNW_018397269.1g00291,,,opy300s30g00573,ga198s6g02148
cpa1s8g01042,cca301s6g00923,tc180s10g00884,hum1sNW_018397269.1g00287,,,opy300s30g00566,ga198s6g02146
cpa1s8g01040,cca301s6g00932,tc180s10g00896,hum1sNW_018397269.1g00280,,,opy300s30g00551,ga198s6g02136
cpa1s8g01037,cca301s6g00934,tc180s10g00901,hum1sNW_018397269.1g00276,,,opy300s30g00547,ga198s6g02138
cpa1s8g01020,cca301s6g00954,tc180s10g00907,hum1sNW_018397269.1g00268,,,opy300s30g00544,ga198s6g02132
cpa1s8g00781,cca301s6g00958,tc180s10g00911,hum1sNW_018397269.1g00266,,,opy300s30g00542,ga198s6g02157
cpa1s8g00780,cca301s6g00959,tc180s10g00912,hum1sNW_018397269.1g00265,,,opy300s30g00541,ga198s6g02159
cpa1s8g00779,cca301s6g00960,tc180s10g00913,hum1sNW_018397269.1g00264,,,opy300s30g00540,ga198s6g02160
cpa1s8g00731,cca301s6g01028,tc180s10g00986,hum1sNW_018397270.1g00133,,,opy300s30g00531,ga198s6g02167
cpa1s8g00723,cca301s6g01050,tc180s10g01003,hum1sNW_018397270.1g00147,,,opy300s30g00525,ga198s6g02172
cpa1s8g00721,cca301s6g01051,tc180s10g01004,hum1sNW_018397270.1g00148,,,opy300s30g00524,ga198s6g02173
cpa1s2g01206,cca301s6g01162,tc180s10g01112,hum1sNW_018397270.1g00224,,,opy300s30g00511,ga198s6g02178
cpa1s2g01210,cca301s6g01166,tc180s10g01117,hum1sNW_018397270.1g00229,,,opy300s30g00506,ga198s6g02181
cpa1s2g01245,cca301s6g01209,tc180s10g01145,hum1sNW_018397270.1g00250,,,opy300s30g00501,ga198s6g02187
cpa1s2g01238,cca301s6g01226,tc180s10g01162,hum1sNW_018397270.1g00260,,,opy300s30g00498,ga198s6g02189
cpa1s2g01237,cca301s6g01227,tc180s10g01163,hum1sNW_018397270.1g00261,,,opy300s30g00497,ga198s6g02190
cpa1s2g01225,cca301s6g01237,tc180s10g01175,hum1sNW_018397270.1g00275,,,opy300s30g00492,ga198s6g02193
cpa1s2g01253,cca301s6g01243,tc180s10g01180,hum1sNW_018397270.1g00286,,,opy300s30g00490,ga198s6g02194
cpa1s2g01255,cca301s6g01248,tc180s10g01183,hum1sNW_018397270.1g00289,,,opy300s30g00488,ga198s6g02195
cpa1s2g01049,cca301s3g00006,tc180s10g00233,hum1sNW_018397268.1g00217,,,opy300s21g00153,ga198s10g00199
cpa1s2g01045,cca301s3g00007,tc180s10g00234,hum1sNW_018397268.1g00218,,,opy300s21g00154,ga198s10g00200
cpa1s2g01044,cca301s3g00008,tc180s10g00235,hum1sNW_018397268.1g00219,,,opy300s21g00155,ga198s10g00202
cpa1s2g01041,cca301s3g00013,tc180s10g00239,hum1sNW_018397268.1g00223,,,opy300s21g00157,ga198s10g00214
cpa1s2g01036,cca301s3g00019,tc180s10g00242,hum1sNW_018397268.1g00224,,,opy300s21g00162,ga198s10g00226
cpa1s2g01032,cca301s3g00020,tc180s10g00245,hum1sNW_018397268.1g00228,,,opy300s21g00164,ga198s10g00232
cpa1s2g01030,cca301s3g00026,tc180s10g00248,hum1sNW_018397268.1g00232,,,opy300s21g00166,ga198s10g00236
cpa1s2g01028,cca301s3g00027,tc180s10g00249,hum1sNW_018397268.1g00234,,,opy300s21g00167,ga198s10g00237
cpa1s2g01027,cca301s3g00028,tc180s10g00250,hum1sNW_018397268.1g00235,,,opy300s21g00168,ga198s10g00238
cpa1s2g01026,cca301s3g00029,tc180s10g00251,hum1sNW_018397268.1g00236,,,opy300s21g00169,ga198s10g00239
cpa1s2g01021,cca301s3g00034,tc180s10g00258,hum1sNW_018397268.1g00246,,,opy300s21g00183,ga198s10g00247
cpa1s2g01020,cca301s3g00035,tc180s10g00259,hum1sNW_018397268.1g00247,,,opy300s21g00184,ga198s10g00248
cpa1s2g01019,cca301s3g00036,tc180s10g00260,hum1sNW_018397268.1g00248,,,opy300s21g00185,ga198s10g00249
cpa1s2g01017,cca301s3g00043,tc180s10g00264,hum1sNW_018397268.1g00252,,,opy300s21g00188,ga198s10g00255
cpa1s2g00973,cca301s3g00089,tc180s10g00265,hum1sNW_018397268.1g00253,,,opy300s21g00219,ga198s10g00293
cpa1s2g00974,cca301s3g00085,tc180s10g00266,hum1sNW_018397268.1g00254,,,opy300s21g00218,ga198s10g00283
cpa1s2g00975,cca301s3g00083,tc180s10g00267,hum1sNW_018397268.1g00255,,,opy300s21g00217,ga198s10g00282
cpa1s2g00976,cca301s3g00082,tc180s10g00268,hum1sNW_018397268.1g00256,,,opy300s21g00216,ga198s10g00281
cpa1s2g00979,cca301s3g00081,tc180s10g00271,hum1sNW_018397268.1g00260,,,opy300s21g00214,ga198s10g00279
cpa1s2g00983,cca301s3g00078,tc180s10g00273,hum1sNW_018397268.1g00262,,,opy300s21g00212,ga198s10g00276
cpa1s2g00985,cca301s3g00077,tc180s10g00275,hum1sNW_018397268.1g00264,,,opy300s21g00210,ga198s10g00274
cpa1s2g00986,cca301s3g00076,tc180s10g00276,hum1sNW_018397268.1g00265,,,opy300s21g00209,ga198s10g00273
cpa1s2g00989,cca301s3g00067,tc180s10g00279,hum1sNW_018397268.1g00268,,,opy300s21g00207,ga198s10g00272
cpa1s2g00990,cca301s3g00060,tc180s10g00280,hum1sNW_018397268.1g00272,,,opy300s21g00204,ga198s10g00271
cpa1s2g00992,cca301s3g00058,tc180s10g00282,hum1sNW_018397268.1g00274,,,opy300s21g00203,ga198s10g00269
cpa1s2g00993,cca301s3g00057,tc180s10g00283,hum1sNW_018397268.1g00275,,,opy300s21g00202,ga198s10g00268
cpa1s2g00994,cca301s3g00056,tc180s10g00284,hum1sNW_018397268.1g00276,,,opy300s21g00201,ga198s10g00267
cpa1s2g00996,cca301s3g00055,tc180s10g00285,hum1sNW_018397268.1g00277,,,opy300s21g00200,ga198s10g00266
cpa1s2g00998,cca301s3g00054,tc180s10g00287,hum1sNW_018397268.1g00279,,,opy300s21g00198,ga198s10g00264
cpa1s2g01004,cca301s3g00053,tc180s10g00288,hum1sNW_018397268.1g00280,,,opy300s21g00197,ga198s10g00263
cpa1s2g01009,cca301s3g00051,tc180s10g00290,hum1sNW_018397268.1g00282,,,opy300s21g00195,ga198s10g00262
cpa1s2g01010,cca301s3g00050,tc180s10g00291,hum1sNW_018397268.1g00283,,,opy300s21g00194,ga198s10g00261
cpa1s2g01011,cca301s3g00049,tc180s10g00292,hum1sNW_018397268.1g00284,,,opy300s21g00193,ga198s10g00260
cpa1s2g01012,cca301s3g00047,tc180s10g00293,hum1sNW_018397268.1g00285,,,opy300s21g00192,ga198s10g00259
cpa1s2g01015,cca301s3g00044,tc180s10g00295,hum1sNW_018397268.1g00288,,,opy300s21g00189,ga198s10g00256
cpa1s2g00973,cca301s3g00089,tc180s10g00296,hum1sNW_018397268.1g00289,,,opy300s21g00208,ga198s10g00295
cpa1s2g00970,cca301s3g00094,tc180s10g00299,hum1sNW_018397268.1g00292,,,opy300s21g00220,ga198s10g00298
cpa1s2g00968,cca301s3g00095,tc180s10g00300,hum1sNW_018397268.1g00293,,,opy300s21g00221,ga198s10g00299
cpa1s2g00966,cca301s3g00097,tc180s10g00302,hum1sNW_018397268.1g00295,,,opy300s21g00222,ga198s10g00300
cpa1s2g00964,cca301s3g00100,tc180s10g00306,hum1sNW_018397268.1g00299,,,opy300s21g00225,ga198s10g00304
cpa1s2g00963,cca301s3g00101,tc180s10g00307,hum1sNW_018397268.1g00300,,,opy300s21g00226,ga198s10g00305
cpa1s2g00961,cca301s3g00103,tc180s10g00309,hum1sNW_018397268.1g00303,,,opy300s21g00229,ga198s10g00308
cpa1s2g00959,cca301s3g00104,tc180s10g00310,hum1sNW_018397268.1g00304,,,opy300s21g00231,ga198s10g00313
cpa1s2g00958,cca301s3g00105,tc180s10g00311,hum1sNW_018397268.1g00305,,,opy300s21g00232,ga198s10g00314
cpa1s2g00956,cca301s3g00107,tc180s10g00313,hum1sNW_018397268.1g00307,,,opy300s21g00233,ga198s10g00315
cpa1s2g00955,cca301s3g00111,tc180s10g00315,hum1sNW_018397268.1g00309,,,opy300s21g00235,ga198s10g00317
cpa1s2g00949,cca301s3g00124,tc180s10g00320,hum1sNW_018397268.1g00312,,,opy300s21g00247,ga198s10g00358
cpa1s2g00947,cca301s3g00130,tc180s10g00322,hum1sNW_018397268.1g00314,,,opy300s21g00251,ga198s10g00359
cpa1s2g00946,cca301s3g00131,tc180s10g00323,hum1sNW_018397268.1g00315,,,opy300s21g00252,ga198s10g00363
cpa1s2g00940,cca301s3g00141,tc180s10g00334,hum1sNW_018397268.1g00321,,,opy300s21g00257,ga198s10g00370
cpa1s2g00937,cca301s3g00142,tc180s10g00337,hum1sNW_018397268.1g00325,,,opy300s21g00259,ga198s10g00375
cpa1s2g00924,cca301s3g00143,tc180s10g00340,hum1sNW_018397268.1g00328,,,opy300s21g00260,ga198s10g00376
cpa1s2g00912,cca301s3g00159,tc180s10g00357,hum1sNW_018397268.1g00341,,,opy300s21g00270,ga198s10g00399
cpa1s2g00908,cca301s3g00161,tc180s10g00359,hum1sNW_018397268.1g00343,,,opy300s21g00271,ga198s10g00402
cpa1s2g00905,cca301s3g00168,tc180s10g00375,hum1sNW_018397268.1g00360,,,opy300s21g00279,ga198s10g00410
cpa1s2g00904,cca301s3g00169,tc180s10g00376,hum1sNW_018397268.1g00361,,,opy300s21g00280,ga198s10g00412
cpa1s2g00902,cca301s3g00170,tc180s10g00377,hum1sNW_018397268.1g00362,,,opy300s21g00281,ga198s10g00413
cpa1s2g00897,cca301s3g00177,tc180s10g00390,hum1sNW_018397268.1g00371,,,opy300s21g00289,ga198s10g00430
cpa1s2g00896,cca301s3g00195,tc180s10g00409,hum1sNW_018397268.1g00376,,,opy300s21g00296,ga198s10g00457
cpa1s2g00882,cca301s3g00204,tc180s10g00416,hum1sNW_018397268.1g00383,,,opy300s21g00310,ga198s10g00482
cpa1s2g00881,cca301s3g00206,tc180s10g00417,hum1sNW_018397268.1g00387,,,opy300s21g00311,ga198s10g00481
cpa1s2g00879,cca301s3g00208,tc180s10g00421,hum1sNW_018397268.1g00392,,,opy300s21g00312,ga198s10g00479
cpa1s2g00873,cca301s3g00209,tc180s10g00427,hum1sNW_018397268.1g00395,,,opy300s21g00317,ga198s10g00474
cpa1s2g00870,cca301s3g00211,tc180s10g00432,hum1sNW_018397268.1g00401,,,opy300s21g00321,ga198s10g00470
cpa1s2g00861,cca301s3g00220,tc180s10g00439,hum1sNW_018397268.1g00408,,,opy300s21g00328,ga198s10g00496
cpa1s2g00856,cca301s3g00235,tc180s10g00448,hum1sNW_018397268.1g00416,,,opy300s21g00330,ga198s10g00497
cpa1s2g00854,cca301s3g00236,tc180s10g00450,hum1sNW_018397268.1g00418,,,opy300s21g00331,ga198s10g00498
cpa1s2g00853,cca301s3g00237,tc180s10g00453,hum1sNW_018397268.1g00422,,,opy300s21g00335,ga198s10g00512
cpa1s2g00850,cca301s3g00241,tc180s10g00458,hum1sNW_018397268.1g00427,,,opy300s21g00338,ga198s10g00514
cpa1s2g00848,cca301s3g00242,tc180s10g00459,hum1sNW_018397268.1g00428,,,opy300s21g00339,ga198s10g00515
cpa1s2g00846,cca301s3g00245,tc180s10g00460,hum1sNW_018397268.1g00431,,,opy300s21g00340,ga198s10g00516
cpa1s2g00845,cca301s3g00246,tc180s10g00461,hum1sNW_018397268.1g00432,,,opy300s21g00341,ga198s10g00517
cpa1s2g00842,cca301s3g00250,tc180s10g00464,hum1sNW_018397268.1g00436,,,opy300s21g00342,ga198s10g00518
cpa1s2g00833,cca301s3g00255,tc180s10g00469,hum1sNW_018397268.1g00442,,,opy300s21g00347,ga198s10g00521
cpa1s2g00828,cca301s3g00256,tc180s10g00470,hum1sNW_018397268.1g00443,,,opy300s21g00348,ga198s10g00522
cpa1s2g00821,cca301s3g00311,tc180s10g00476,hum1sNW_018397268.1g00449,,,opy300s21g00823,ga198s10g00525
cpa1s2g00816,cca301s3g00303,tc180s10g00482,hum1sNW_018397268.1g00456,,,opy300s21g00821,ga198s10g00526
cpa1s2g01577,cca301s3g00276,tc180s10g00504,hum1sNW_018397268.1g00481,,,opy300s21g00354,ga198s10g00531
cpa1s2g01562,cca301s3g00321,tc180s10g00511,hum1sNW_018397268.1g00489,,,opy300s21g00358,ga198s10g00535
cpa1s2g01555,cca301s3g00324,tc180s10g00515,hum1sNW_018397268.1g00493,,,opy300s21g00360,ga198s10g00536
cpa1s2g01550,cca301s3g00328,tc180s10g00519,hum1sNW_018397268.1g00498,,,opy300s21g00362,ga198s10g00538
cpa1s2g01544,cca301s3g00334,tc180s10g00524,hum1sNW_018397268.1g00504,,,opy300s21g00368,ga198s10g00541
cpa1s2g01542,cca301s3g00335,tc180s10g00526,hum1sNW_018397268.1g00509,,,opy300s21g00370,ga198s10g00544
cpa1s2g01531,cca301s3g00362,tc180s10g00534,hum1sNW_018397268.1g00517,,,opy300s21g00374,ga198s10g00547
cpa1s2g01530,cca301s3g00363,tc180s10g00535,hum1sNW_018397268.1g00518,,,opy300s21g00375,ga198s10g00548
cpa1s2g01528,cca301s3g00372,tc180s10g00537,hum1sNW_018397268.1g00522,,,opy300s21g00380,ga198s10g00549
cpa1s2g01527,cca301s3g00375,tc180s10g00538,hum1sNW_018397268.1g00523,,,opy300s21g00381,ga198s10g00551
cpa1s2g01525,cca301s3g00383,tc180s10g00541,hum1sNW_018397268.1g00526,,,opy300s21g00383,ga198s10g00555
cpa1s2g01524,cca301s3g00385,tc180s10g00542,hum1sNW_018397268.1g00527,,,opy300s21g00384,ga198s10g00556
cpa1s2g01521,cca301s3g00389,tc180s10g00544,hum1sNW_018397268.1g00529,,,opy300s21g00385,ga198s10g00557
cpa1s2g01520,cca301s3g00392,tc180s10g00545,hum1sNW_018397268.1g00530,,,opy300s21g00386,ga198s10g00558
cpa1s2g01516,cca301s3g00396,tc180s10g00549,hum1sNW_018397268.1g00534,,,opy300s21g00387,ga198s10g00560
cpa1s2g01514,cca301s3g00405,tc180s10g00552,hum1sNW_018397268.1g00536,,,opy300s21g00389,ga198s10g00561
cpa1s2g01502,cca301s3g00416,tc180s10g00568,hum1sNW_018397268.1g00545,,,opy300s21g00394,ga198s10g00564
cpa1s2g01501,cca301s3g00417,tc180s10g00569,hum1sNW_018397268.1g00546,,,opy300s21g00395,ga198s10g00565
cpa1s2g01474,cca301s3g00437,tc180s10g00585,hum1sNW_018397268.1g00562,,,opy300s21g00402,ga198s10g00600
cpa1s2g01473,cca301s3g00443,tc180s10g00590,hum1sNW_018397268.1g00572,,,opy300s21g00407,ga198s10g00598
cpa1s2g01472,cca301s3g00446,tc180s10g00593,hum1sNW_018397268.1g00575,,,opy300s21g00409,ga198s10g00597
cpa1s2g01469,cca301s3g00457,tc180s10g00595,hum1sNW_018397268.1g00578,,,opy300s21g00410,ga198s10g00591
cpa1s2g01467,cca301s3g00460,tc180s10g00599,hum1sNW_018397268.1g00582,,,opy300s21g00412,ga198s10g00588
cpa1s2g01465,cca301s3g00462,tc180s10g00601,hum1sNW_018397268.1g00584,,,opy300s21g00414,ga198s10g00587
cpa1s2g01460,cca301s3g00476,tc180s10g00611,hum1sNW_018397268.1g00606,,,opy300s21g00424,ga198s10g00582
cpa1s2g01459,cca301s3g00478,tc180s10g00613,hum1sNW_018397268.1g00608,,,opy300s21g00426,ga198s10g00578
cpa1s2g01458,cca301s3g00480,tc180s10g00614,hum1sNW_018397268.1g00609,,,opy300s21g00427,ga198s10g00577
cpa1s2g01456,cca301s3g00481,tc180s10g00615,hum1sNW_018397268.1g00610,,,opy300s21g00428,ga198s10g00576
cpa1s2g01454,cca301s3g00482,tc180s10g00616,hum1sNW_018397268.1g00613,,,opy300s21g00429,ga198s10g00575
cpa1s2g01448,cca301s3g00509,tc180s10g00623,hum1sNW_018397268.1g00624,,,opy300s21g00441,ga198s10g00608
cpa1s2g01441,cca301s3g00514,tc180s10g00631,hum1sNW_018397268.1g00629,,,opy300s21g00452,ga198s10g00611
cpa1s2g01432,cca301s3g00522,tc180s10g00641,hum1sNW_018397268.1g00640,,,opy300s21g00460,ga198s10g00614
cpa1s2g01427,cca301s3g00524,tc180s10g00645,hum1sNW_018397268.1g00644,,,opy300s21g00462,ga198s10g00616
cpa1s2g01426,cca301s3g00525,tc180s10g00647,hum1sNW_018397268.1g00645,,,opy300s21g00463,ga198s10g00617
cpa1s2g01412,cca301s3g00539,tc180s10g00671,hum1sNW_018397268.1g00665,,,opy300s21g00469,ga198s10g00622
cpa1s2g01399,cca301s3g00627,tc180s10g00697,hum1sNW_018397268.1g00693,,,opy300s21g00495,ga198s10g00635
cpa1s2g01398,cca301s3g00628,tc180s10g00698,hum1sNW_018397268.1g00694,,,opy300s21g00496,ga198s10g00636
cpa1s2g01297,cca301s3g00659,tc180s10g00711,hum1sNW_018397268.1g00707,,,opy300s21g00516,ga198s10g00653
cpa1s2g01387,cca301s3g00696,tc180s10g00764,hum1sNW_018397269.1g00411,,,opy300s21g00524,ga198s10g00660
cpa1s8g01073,cca301s6g00677,tc180s10g00820,hum1sNW_018397269.1g00352,,,opy300s21g00545,ga198s10g00671
cpa1s8g00178,cca301s6g00869,tc180s10g00840,hum1sNW_018397269.1g00320,,,opy300s21g00563,ga198s10g00702
cpa1s8g00193,cca301s6g00914,tc180s10g00876,hum1sNW_018397269.1g00292,,,opy300s21g00583,ga198s10g00724
cpa1s8g01043,cca301s6g00916,tc180s10g00883,hum1sNW_018397269.1g00288,,,opy300s21g00587,ga198s10g00726
cpa1s8g01040,cca301s6g00932,tc180s10g00896,hum1sNW_018397269.1g00280,,,opy300s21g00596,ga198s10g00729
cpa1s8g01037,cca301s6g00934,tc180s10g00901,hum1sNW_018397269.1g00276,,,opy300s21g00603,ga198s10g00741
cpa1s8g01036,cca301s6g00948,tc180s10g00904,hum1sNW_018397269.1g00273,,,opy300s21g00604,ga198s10g00742
cpa1s8g00780,cca301s6g00959,tc180s10g00912,hum1sNW_018397269.1g00265,,,opy300s21g00626,ga198s10g00747
cpa1s8g00734,cca301s6g01015,tc180s10g00969,hum1sNW_018397284.1g00024,,,opy300s21g00673,ga198s10g00819
cpa1s8g00729,cca301s6g01026,tc180s10g00985,hum1sNW_018397270.1g00131,,,opy300s21g00682,ga198s10g00833
cpa1s8g00731,cca301s6g01028,tc180s10g00986,hum1sNW_018397270.1g00133,,,opy300s21g00683,ga198s10g00834
cpa1s8g00732,cca301s6g01029,tc180s10g00988,hum1sNW_018397270.1g00135,,,opy300s21g00684,ga198s10g00835
cpa1s8g00733,cca301s6g01030,tc180s10g00989,hum1sNW_018397270.1g00136,,,opy300s21g00685,ga198s10g00837
cpa1s8g00720,cca301s6g01053,tc180s10g01005,hum1sNW_018397270.1g00150,,,opy300s21g00696,ga198s10g00840
cpa1s8g00701,cca301s6g01081,tc180s10g01023,hum1sNW_018397270.1g00164,,,opy300s21g00711,ga198s10g00858
cpa1s8g00700,cca301s6g01083,tc180s10g01025,hum1sNW_018397270.1g00166,,,opy300s21g00713,ga198s10g00859
cpa1s8g00698,cca301s6g01107,tc180s10g01048,hum1sNW_018397270.1g00183,,,opy300s21g00716,ga198s10g00863
cpa1s8g00686,cca301s6g01124,tc180s10g01056,hum1sNW_018397270.1g00190,,,opy300s21g00723,ga198s10g00865
cpa1s8g00681,cca301s6g01132,tc180s10g01076,hum1sNW_018397270.1g00198,,,opy300s21g00725,ga198s10g00868
cpa1s8g00680,cca301s6g01138,tc180s10g01079,hum1sNW_018397270.1g00201,,,opy300s21g00727,ga198s10g00873
cpa1s2g01204,cca301s6g01156,tc180s10g01107,hum1sNW_018397270.1g00219,,,opy300s21g00737,ga198s10g00881
cpa1s2g01206,cca301s6g01162,tc180s10g01112,hum1sNW_018397270.1g00224,,,opy300s21g00742,ga198s10g00892
cpa1s2g01210,cca301s6g01166,tc180s10g01117,hum1sNW_018397270.1g00229,,,opy300s21g00745,ga198s10g00897
cpa1s2g01214,cca301s6g01178,tc180s10g01129,hum1sNW_018397270.1g00241,,,opy300s21g00753,ga198s10g00917
cpa1s2g01247,cca301s6g01207,tc180s10g01143,hum1sNW_018397270.1g00248,,,opy300s21g00755,ga198s10g00918
cpa1s2g01246,cca301s6g01208,tc180s10g01144,hum1sNW_018397270.1g00249,,,opy300s21g00756,ga198s10g00919
cpa1s2g01245,cca301s6g01209,tc180s10g01145,hum1sNW_018397270.1g00250,,,opy300s21g00757,ga198s10g00920
cpa1s2g01238,cca301s6g01226,tc180s10g01162,hum1sNW_018397270.1g00260,,,opy300s21g00764,ga198s10g00926
cpa1s2g01237,cca301s6g01227,tc180s10g01163,hum1sNW_018397270.1g00261,,,opy300s21g00765,ga198s10g00927
cpa1s2g01236,cca301s6g01229,tc180s10g01165,hum1sNW_018397270.1g00264,,,opy300s21g00767,ga198s10g00929
cpa1s2g01232,cca301s6g01234,tc180s10g01172,hum1sNW_018397270.1g00272,,,opy300s21g00773,ga198s10g00973
cpa1s2g01231,cca301s6g01235,tc180s10g01173,hum1sNW_018397270.1g00273,,,opy300s21g00776,ga198s10g00971
cpa1s2g01224,cca301s6g01239,tc180s10g01176,hum1sNW_018397270.1g00276,,,opy300s21g00779,ga198s10g00970
cpa1s2g01257,cca301s6g01249,tc180s10g01186,hum1sNW_018397270.1g00292,,,opy300s21g00788,ga198s10g00965
cpa1s2g01258,cca301s6g01250,tc180s10g01187,hum1sNW_018397270.1g00293,,,opy300s21g00789,ga198s10g00964
cpa1s2g01269,cca301s6g01270,tc180s10g01211,hum1sNW_018397270.1g00322,,,opy300s21g00793,ga198s10g00959
